a561d2e627f321,c561d2e627f378,d561d2e627f3ce,e561d2e627f425,b561d2e627efd2,f561d2e627f47c,g561d2e627f4d3,h561d2e627f529,i561d2e627f580,j561d2e627f5d7
a561d2e627f99f,c561d2e627f9ee,d561d2e627fa2f,e561d2e627fa78,b561d2e627f632,f561d2e627fac7,g561d2e627fb07,h561d2e627fb56,i561d2e627fba7,j561d2e627fbfb
a561d2e627ffa6,c561d2e627fff0,d561d2e628003b,e561d2e6280089,b561d2e627fc52,f561d2e62800df,g561d2e6280134,h561d2e6280183,i561d2e62801d6,j561d2e628022c
a561d2e62806b1,c561d2e6280707,d561d2e6280759,e561d2e62807ab,b561d2e6280284,f561d2e628080a,g561d2e6280848,h561d2e6280895,i561d2e62808ec,j561d2e6280943
a561d2e6280cdd,c561d2e6280d2c,d561d2e6280d7b,e561d2e6280dcd,b561d2e628099a,f561d2e6280e1e,g561d2e6280e70,h561d2e6280ec1,i561d2e6280f1d,j561d2e6280f6c
a561d2e62812f0,c561d2e6281346,d561d2e62813a2,e561d2e62813f4,b561d2e6280fb8,f561d2e628144a,g561d2e6281499,h561d2e62814ef,i561d2e628153c,j561d2e6281589
a561d2e6281951,c561d2e62819a7,d561d2e62819fe,e561d2e6281a55,b561d2e62815dc,f561d2e6281aab,g561d2e6281b05,h561d2e6281b5c,i561d2e6281baa,j561d2e6281bff
a561d2e6281fab,c561d2e628200c,d561d2e6282065,e561d2e62820bb,b561d2e6281c56,f561d2e628210f,g561d2e6282167,h561d2e62821bc,i561d2e628220a,j561d2e6282260
a561d2e6282614,c561d2e628266a,d561d2e62826b8,e561d2e628270e,b561d2e62822c1,f561d2e628273c,g561d2e6282772,h561d2e62827c0,i561d2e6282816,j561d2e628286d
a561d2e6282c18,c561d2e6282c6d,d561d2e6282cc4,e561d2e6282d1b,b561d2e62828c9,f561d2e6282d71,g561d2e6282dc8,h561d2e6282e1e,i561d2e6282e75,j561d2e6282ecc
a561d2e628327b,c561d2e62832d2,d561d2e6283328,e561d2e6283376,b561d2e6282f23,f561d2e62833cb,g561d2e6283421,h561d2e6283470,i561d2e62834c5,j561d2e628351c
a561d2e62838d5,c561d2e628392b,d561d2e6283982,e561d2e62839d0,b561d2e6283572,f561d2e6283a29,g561d2e6283a82,h561d2e6283ad9,i561d2e6283b2e,j561d2e6283b85
a561d2e6283f15,c561d2e6283f6c,d561d2e6283fc8,e561d2e628401e,b561d2e6283bdb,f561d2e628406c,g561d2e62840c1,h561d2e6284118,i561d2e628416e,j561d2e62841c6
a561d2e6284573,c561d2e62845ca,d561d2e6284618,e561d2e6284671,b561d2e628421c,f561d2e62846ca,g561d2e6284720,h561d2e6284777,i561d2e62847c7,j561d2e6284821
a561d2e6284bb5,c561d2e6284c0b,d561d2e6284c62,e561d2e6284cb1,b561d2e6284872,f561d2e6284d06,g561d2e6284d5c,h561d2e6284da9,i561d2e6284dfe,j561d2e6284e55
a561d2e6285219,c561d2e628526f,d561d2e62852bc,e561d2e6285312,b561d2e6284eb6,f561d2e628536b,g561d2e62853bf,h561d2e6285416,i561d2e6285464,j561d2e62854b9
a561d2e628585e,c561d2e62858b5,d561d2e628590b,e561d2e6285959,b561d2e6285510,f561d2e62859ae,g561d2e6285a05,h561d2e6285a5c,i561d2e6285ab3,j561d2e6285b09
a561d2e6285ec2,c561d2e6285f19,d561d2e6285f70,e561d2e6285fc7,b561d2e6285b65,f561d2e628601d,g561d2e628606b,h561d2e62860c0,i561d2e6286116,j561d2e628616d
a561d2e6286517,c561d2e628656e,d561d2e62865c6,e561d2e628661a,b561d2e62861c4,f561d2e6286672,g561d2e62866bf,h561d2e6286714,i561d2e628676d,j561d2e62867c2
a561d2e6286b5d,c561d2e6286bb2,d561d2e6286c01,e561d2e6286c5b,b561d2e6286818,f561d2e6286cb2,g561d2e6286d08,h561d2e6286d56,i561d2e6286dac,j561d2e6286e02
a561d2e62871c9,c561d2e628721b,d561d2e6287273,e561d2e62872c9,b561d2e6286e59,f561d2e6287320,g561d2e6287376,h561d2e62873cd,i561d2e6287424,j561d2e628747a
a561d2e628783e,c561d2e6287894,d561d2e62878e2,e561d2e6287937,b561d2e62874d1,f561d2e628798f,g561d2e62879e5,h561d2e6287a33,i561d2e6287a88,j561d2e6287adf
a561d2e6287e8e,c561d2e6287ee4,d561d2e6287f3b,e561d2e6287f91,b561d2e6287b40,f561d2e6287fe8,g561d2e628803f,h561d2e628809a,i561d2e62880f1,j561d2e6288148
a561d2e62884ef,c561d2e628854d,d561d2e628859b,e561d2e62885f1,b561d2e628819f,f561d2e6288647,g561d2e628869d,h561d2e62886eb,i561d2e6288741,j561d2e6288797
a561d2e6288b5b,c561d2e6288bb1,d561d2e6288c09,e561d2e6288c5f,b561d2e62887ee,f561d2e6288cb6,g561d2e6288d0c,h561d2e6288d63,i561d2e6288db9,j561d2e6288e10
a561d2e62891bf,c561d2e6289216,d561d2e628926c,e561d2e62892ba,b561d2e6288e67,f561d2e628930f,g561d2e6289366,h561d2e62893bd,i561d2e6289413,j561d2e628946b
a561d2e6289819,c561d2e628986f,d561d2e62898c6,e561d2e6289914,b561d2e62894c3,f561d2e628997a,g561d2e62899c9,h561d2e6289a20,i561d2e6289a76,j561d2e6289ace
a561d2e6289e65,c561d2e6289ea4,d561d2e6289ef1,e561d2e6289f40,b561d2e6289b24,f561d2e6289f95,g561d2e6289fec,h561d2e628a039,i561d2e628a08f,j561d2e628a0e6
a561d2e628a48a,c561d2e628a4e1,d561d2e628a52f,e561d2e628a584,b561d2e628a13c,f561d2e628a5da,g561d2e628a631,h561d2e628a67f,i561d2e628a6d4,j561d2e628a72b
a561d2e628aada,c561d2e628ab31,d561d2e628ab87,e561d2e628abd5,b561d2e628a781,f561d2e628ac30,g561d2e628ac87,h561d2e628acdf,i561d2e628ad33,j561d2e628ad8a
a561d2e628b12e,c561d2e628b185,d561d2e628b1e1,e561d2e628b23c,b561d2e628ade0,f561d2e628b285,g561d2e628b2e2,h561d2e628b336,i561d2e628b38e,j561d2e628b3e6
a561d2e628b78d,c561d2e628b7e4,d561d2e628b832,e561d2e628b887,b561d2e628b43f,f561d2e628b8de,g561d2e628b92b,h561d2e628b981,i561d2e628b9d7,j561d2e628ba2e
a561d2e628bdd4,c561d2e628be29,d561d2e628be80,e561d2e628bec6,b561d2e628ba85,f561d2e628bf24,g561d2e628bf7a,h561d2e628bfd0,i561d2e628c01e,j561d2e628c073
a561d2e628c423,c561d2e628c479,d561d2e628c4d0,e561d2e628c52c,b561d2e628c0da,f561d2e628c582,g561d2e628c5d0,h561d2e628c625,i561d2e628c67c,j561d2e628c6d3
a561d2e628ca81,c561d2e628cad8,d561d2e628cb2f,e561d2e628cb86,b561d2e628c72a,f561d2e628cbdc,g561d2e628cc2a,h561d2e628cc7f,i561d2e628cce0,j561d2e628cd39
a561d2e628d0f0,c561d2e628d147,d561d2e628d19d,e561d2e628d1eb,b561d2e628cd95,f561d2e628d240,g561d2e628d297,h561d2e628d2e5,i561d2e628d33c,j561d2e628d38d
a561d2e628d73a,c561d2e628d791,d561d2e628d7df,e561d2e628d834,b561d2e628d3ec,f561d2e628d88b,g561d2e628d8ec,h561d2e628d939,i561d2e628d98e,j561d2e628d9e8
a561d2e628dd85,c561d2e628dddd,d561d2e628de3d,e561d2e628de8e,b561d2e628da41,f561d2e628dedc,g561d2e628df31,h561d2e628df88,i561d2e628dff2,j561d2e628e04a
a561d2e628e407,c561d2e628e45e,d561d2e628e4b5,e561d2e628e50b,b561d2e628e0a0,f561d2e628e562,g561d2e628e5b0,h561d2e628e606,i561d2e628e662,j561d2e628e6b5
a561d2e628ea66,c561d2e628eabd,d561d2e628eb14,e561d2e628eb6a,b561d2e628e70a,f561d2e628ebc1,g561d2e628ec17,h561d2e628ec65,i561d2e628ecba,j561d2e628ed22
a561d2e628f0cb,c561d2e628f122,d561d2e628f177,e561d2e628f1ce,b561d2e628ed73,f561d2e628f227,g561d2e628f27d,h561d2e628f2d2,i561d2e628f320,j561d2e628f375
a561d2e628f726,c561d2e628f77a,d561d2e628f7d1,e561d2e628f81f,b561d2e628f3cc,f561d2e628f875,g561d2e628f8cb,h561d2e628f91f,i561d2e628f974,j561d2e628f9cb
a561d2e628fd89,c561d2e628fddf,d561d2e628fe36,e561d2e628fe83,b561d2e628fa20,f561d2e628fed9,g561d2e628ff30,h561d2e628ff86,i561d2e628ffdd,j561d2e6290033
a561d2e6290537,c561d2e62905ae,d561d2e62905f6,e561d2e6290647,b561d2e629008a,f561d2e6290697,g561d2e62906f1,h561d2e6290750,i561d2e62907a6,j561d2e62907fc
a561d2e6290ba6,c561d2e6290bfc,d561d2e6290c59,e561d2e6290caf,b561d2e6290859,f561d2e6290cfd,g561d2e6290d52,h561d2e6290da8,i561d2e6290dfc,j561d2e6290e53
a561d2e6291219,c561d2e6291270,d561d2e62912c7,e561d2e6291314,b561d2e6290ead,f561d2e629136a,g561d2e62913c1,h561d2e6291417,i561d2e629146e,j561d2e62914c5
a561d2e6291869,c561d2e62918bf,d561d2e6291917,e561d2e629196d,b561d2e629151b,f561d2e62919c4,g561d2e6291a1a,h561d2e6291a71,i561d2e6291ac7,j561d2e6291b20
a561d2e6291ecd,c561d2e6291f23,d561d2e6291f8e,e561d2e6291fe5,b561d2e6291b75,f561d2e6292047,g561d2e629209d,h561d2e6292107,i561d2e6292162,j561d2e62921ba
a561d2e6292564,c561d2e62925bb,d561d2e6292612,e561d2e6292668,b561d2e6292211,f561d2e62926bf,g561d2e629270e,h561d2e6292762,i561d2e62927b9,j561d2e629280f
a561d2e6292bc9,c561d2e6292c1f,d561d2e6292c76,e561d2e6292ccc,b561d2e6292866,f561d2e6292d23,g561d2e6292d70,h561d2e6292dc6,i561d2e6292e1c,j561d2e6292e74
a561d2e6293222,c561d2e6293279,d561d2e62932cf,e561d2e6293326,b561d2e6292ec9,f561d2e629337d,g561d2e62933d3,h561d2e6293421,i561d2e629347c,j561d2e62934d2
a561d2e6293886,c561d2e62938dc,d561d2e6293933,e561d2e6293990,b561d2e6293529,f561d2e62939e6,g561d2e6293a3c,h561d2e6293a8a,i561d2e6293adf,j561d2e6293b37
a561d2e6293ef4,c561d2e6293f4b,d561d2e6293f99,e561d2e6293fee,b561d2e6293b94,f561d2e6294045,g561d2e629409f,h561d2e62940f7,i561d2e629414e,j561d2e62941a4
a561d2e629454f,c561d2e62945a5,d561d2e62945fc,e561d2e6294653,b561d2e62941fb,f561d2e62946a9,g561d2e62946f6,h561d2e629474c,i561d2e62947a3,j561d2e62947f9
a561d2e6294bb2,c561d2e6294c09,d561d2e6294c5c,e561d2e6294cb1,b561d2e629485b,f561d2e6294cff,g561d2e6294d59,h561d2e6294db0,i561d2e6294e07,j561d2e6294e5e
a561d2e6295220,c561d2e629527e,d561d2e62952c3,e561d2e6295322,b561d2e6294eba,f561d2e6295373,g561d2e62953c9,h561d2e629541e,i561d2e629546e,j561d2e62954c1
a561d2e6295870,c561d2e62958c6,d561d2e629591e,e561d2e6295974,b561d2e6295518,f561d2e62959ca,g561d2e6295a21,h561d2e6295a78,i561d2e6295ac5,j561d2e6295b1b
a561d2e6295eca,c561d2e6295f21,d561d2e6295f77,e561d2e6295fd0,b561d2e6295b71,f561d2e629602a,g561d2e629606a,h561d2e62960b8,i561d2e629610f,j561d2e6296170
a561d2e6296533,c561d2e6296589,d561d2e62965e0,e561d2e629662f,b561d2e62961e4,f561d2e629668e,g561d2e62966e4,h561d2e6296732,i561d2e6296787,j561d2e62967de
a561d2e6296b7a,c561d2e6296bcf,d561d2e6296c26,e561d2e6296c7c,b561d2e6296835,f561d2e6296cd4,g561d2e6296d2a,h561d2e6296d78,i561d2e6296dcd,j561d2e6296e23
a561d2e62971c9,c561d2e629721f,d561d2e6297276,e561d2e62972cc,b561d2e6296e7a,f561d2e6297324,g561d2e629737a,h561d2e62973d1,i561d2e6297427,j561d2e629747d
a561d2e629782c,c561d2e6297883,d561d2e62978da,e561d2e6297931,b561d2e62974d4,f561d2e6297986,g561d2e62979de,h561d2e6297a35,i561d2e6297a8b,j561d2e6297ae1
a561d2e6297e90,c561d2e6297ef4,d561d2e6297f49,e561d2e6297f9e,b561d2e6297b38,f561d2e6297ff5,g561d2e6298043,h561d2e6298098,i561d2e62980ef,j561d2e6298146
a561d2e62984ef,c561d2e629854d,d561d2e62985a3,e561d2e62985f8,b561d2e629819c,f561d2e629864f,g561d2e629869d,h561d2e62986f2,i561d2e6298748,j561d2e62987a0
a561d2e6298b68,c561d2e6298bc5,d561d2e6298c1f,e561d2e6298c76,b561d2e62987f6,f561d2e6298ccd,g561d2e6298d2d,h561d2e6298d84,i561d2e6298ddb,j561d2e6298e31
a561d2e62991d9,c561d2e629922d,d561d2e6299283,e561d2e62992da,b561d2e6298e95,f561d2e6299330,g561d2e6299387,h561d2e62993dd,i561d2e629942b,j561d2e6299481
a561d2e6299834,c561d2e629988f,d561d2e62998de,e561d2e6299934,b561d2e62994dd,f561d2e629998a,g561d2e62999e2,h561d2e6299a37,i561d2e6299a8f,j561d2e6299aef
a561d2e6299ea3,c561d2e6299efa,d561d2e6299f4a,e561d2e6299f9d,b561d2e6299b46,f561d2e6299ff5,g561d2e629a04d,h561d2e629a0a6,i561d2e629a0fd,j561d2e629a154
a561d2e629a503,c561d2e629a559,d561d2e629a5af,e561d2e629a606,b561d2e629a196,f561d2e629a65d,g561d2e629a6b3,h561d2e629a70a,i561d2e629a761,j561d2e629a7b7
a561d2e629ab5c,c561d2e629abb2,d561d2e629ac00,e561d2e629ac55,b561d2e629a80e,f561d2e629acad,g561d2e629ad06,h561d2e629ad5f,i561d2e629adb5,j561d2e629add2
a561d2e629b17e,c561d2e629b1d5,d561d2e629b22b,e561d2e629b282,b561d2e629ae1f,f561d2e629b2d9,g561d2e629b32f,h561d2e629b390,i561d2e629b3dd,j561d2e629b433
a561d2e629b7e7,c561d2e629b83e,d561d2e629b89f,e561d2e629b8f5,b561d2e629b490,f561d2e629b94c,g561d2e629b9a3,h561d2e629b9f9,i561d2e629ba4f,j561d2e629baa6
a561d2e629be74,c561d2e629beca,d561d2e629bf18,e561d2e629bf6d,b561d2e629bafd,f561d2e629bfc4,g561d2e629c01b,h561d2e629c071,i561d2e629c0bf,j561d2e629c114
a561d2e629c4bf,c561d2e629c514,d561d2e629c56c,e561d2e629c5c2,b561d2e629c16b,f561d2e629c619,g561d2e629c66f,h561d2e629c6af,i561d2e629c6fe,j561d2e629c755
a561d2e629cb04,c561d2e629cb5b,d561d2e629cbb1,e561d2e629cc08,b561d2e629c7b6,f561d2e629cc60,g561d2e629ccb5,h561d2e629cd14,i561d2e629cd68,j561d2e629cdbf
a561d2e629d164,c561d2e629d1ba,d561d2e629d20f,e561d2e629d267,b561d2e629ce15,f561d2e629d2bd,g561d2e629d30b,h561d2e629d360,i561d2e629d3b9,j561d2e629d40b
a561d2e629d7d6,c561d2e629d82c,d561d2e629d87a,e561d2e629d8d0,b561d2e629d45f,f561d2e629d927,g561d2e629d97d,h561d2e629d9cb,i561d2e629da20,j561d2e629da77
a561d2e629de30,c561d2e629de87,d561d2e629dedd,e561d2e629df34,b561d2e629dacd,f561d2e629df8a,g561d2e629dfe1,h561d2e629e038,i561d2e629e090,j561d2e629e0e4
a561d2e629e4b3,c561d2e629e509,d561d2e629e565,e561d2e629e5bb,b561d2e629e13c,f561d2e629e613,g561d2e629e669,h561d2e629e6bf,i561d2e629e70d,j561d2e629e763
a561d2e629eb0a,c561d2e629eb64,d561d2e629ebb9,e561d2e629ec07,b561d2e629e7b9,f561d2e629ec60,g561d2e629ecb8,h561d2e629ed0f,i561d2e629ed5d,j561d2e629edb2
a561d2e629f175,c561d2e629f1cc,d561d2e629f223,e561d2e629f279,b561d2e629ee11,f561d2e629f2d0,g561d2e629f327,h561d2e629f37d,i561d2e629f3d4,j561d2e629f42a
a561d2e629f7df,c561d2e629f835,d561d2e629f88c,e561d2e629f8e2,b561d2e629f491,f561d2e629f939,g561d2e629f994,h561d2e629f9ec,i561d2e629fa42,j561d2e629fa99
a561d2e629fe42,c561d2e629fea4,d561d2e629fefa,e561d2e629ff51,b561d2e629faf0,f561d2e629ffa8,g561d2e629fffe,h561d2e62a004c,i561d2e62a00a1,j561d2e62a00f8
a561d2e62a04b1,c561d2e62a0507,d561d2e62a055e,e561d2e62a05b5,b561d2e62a014f,f561d2e62a060c,g561d2e62a0662,h561d2e62a06b9,i561d2e62a070f,j561d2e62a0766
a561d2e62a0b16,c561d2e62a0b6b,d561d2e62a0bbc,e561d2e62a0c0f,b561d2e62a07bd,f561d2e62a0c66,g561d2e62a0cbc,h561d2e62a0d13,i561d2e62a0d69,j561d2e62a0dc1
a561d2e62a1183,c561d2e62a11da,d561d2e62a1228,e561d2e62a1282,b561d2e62a0e16,f561d2e62a12cf,g561d2e62a1325,h561d2e62a137c,i561d2e62a13d3,j561d2e62a1429
a561d2e62a17f2,c561d2e62a1848,d561d2e62a1896,e561d2e62a18ec,b561d2e62a1480,f561d2e62a1942,g561d2e62a1990,h561d2e62a19e6,i561d2e62a1a3b,j561d2e62a1a93
a561d2e62a1e55,c561d2e62a1eac,d561d2e62a1f03,e561d2e62a1f51,b561d2e62a1ae9,f561d2e62a1fa6,g561d2e62a1ffc,h561d2e62a204a,i561d2e62a20a0,j561d2e62a20f6
a561d2e62a24bb,c561d2e62a2527,d561d2e62a257b,e561d2e62a25d1,b561d2e62a214d,f561d2e62a2628,g561d2e62a2676,h561d2e62a26d1,i561d2e62a2728,j561d2e62a277e
a561d2e62a2b28,c561d2e62a2b7e,d561d2e62a2bda,e561d2e62a2c28,b561d2e62a27d4,f561d2e62a2c7d,g561d2e62a2cd3,h561d2e62a2d22,i561d2e62a2d77,j561d2e62a2dce
a561d2e62a3168,c561d2e62a31bf,d561d2e62a3216,e561d2e62a326c,b561d2e62a2e24,f561d2e62a32c6,g561d2e62a331e,h561d2e62a3375,i561d2e62a33cc,j561d2e62a3422
a561d2e62a37d7,c561d2e62a382e,d561d2e62a3883,e561d2e62a38da,b561d2e62a3479,f561d2e62a3932,g561d2e62a3988,h561d2e62a39df,i561d2e62a3a35,j561d2e62a3a98
a561d2e62a3e4f,c561d2e62a3ea5,d561d2e62a3efd,e561d2e62a3f53,b561d2e62a3ae8,f561d2e62a3fb4,g561d2e62a400a,h561d2e62a4061,i561d2e62a40b8,j561d2e62a410e
a561d2e62a44b4,c561d2e62a450a,d561d2e62a4561,e561d2e62a45b7,b561d2e62a4165,f561d2e62a460e,g561d2e62a4664,h561d2e62a46bb,i561d2e62a4712,j561d2e62a4768
a561d2e62a4d99,c561d2e62a4df0,d561d2e62a4e46,e561d2e62a4e9d,b561d2e62a47bf,f561d2e62a4ef4,g561d2e62a4f4b,h561d2e62a4fa1,i561d2e62a4ff7,j561d2e62a504e
a561d2e62a53f8,c561d2e62a544e,d561d2e62a549c,e561d2e62a54f2,b561d2e62a50a5,f561d2e62a5548,g561d2e62a5596,h561d2e62a55ec,i561d2e62a564d,j561d2e62a56a2
a561d2e62a5a5c,c561d2e62a5ab3,d561d2e62a5b09,e561d2e62a5b6a,b561d2e62a56fa,f561d2e62a5bc1,g561d2e62a5c18,h561d2e62a5c6e,i561d2e62a5cc6,j561d2e62a5d1c
a561d2e62a60c0,c561d2e62a6117,d561d2e62a6165,e561d2e62a61ba,b561d2e62a5d72,f561d2e62a6210,g561d2e62a625e,h561d2e62a62b4,i561d2e62a630a,j561d2e62a6361
a561d2e62a674d,c561d2e62a67a4,d561d2e62a67fa,e561d2e62a6851,b561d2e62a63b8,f561d2e62a68a8,g561d2e62a68fe,h561d2e62a6957,i561d2e62a69b1,j561d2e62a6a07
a561d2e62a6dac,c561d2e62a6e02,d561d2e62a6e50,e561d2e62a6ea6,b561d2e62a6a68,f561d2e62a6efc,g561d2e62a6f58,h561d2e62a6faf,i561d2e62a6ffc,j561d2e62a7052
a561d2e62a73f4,c561d2e62a7453,d561d2e62a74a9,e561d2e62a74ff,b561d2e62a70a9,f561d2e62a7556,g561d2e62a75ad,h561d2e62a7603,i561d2e62a7651,j561d2e62a76a6
a561d2e62a7a56,c561d2e62a7aab,d561d2e62a7b03,e561d2e62a7b59,b561d2e62a76fd,f561d2e62a7bb0,g561d2e62a7c07,h561d2e62a7c5e,i561d2e62a7cb4,j561d2e62a7d0b
a561d2e62a80ba,c561d2e62a8110,d561d2e62a8167,e561d2e62a81be,b561d2e62a7d62,f561d2e62a8214,g561d2e62a826a,h561d2e62a82b8,i561d2e62a830d,j561d2e62a836f
a561d2e62a8723,c561d2e62a877a,d561d2e62a87d0,e561d2e62a8829,b561d2e62a83c6,f561d2e62a8893,g561d2e62a88ea,h561d2e62a8941,i561d2e62a8995,j561d2e62a89ec
a561d2e62a8db5,c561d2e62a8e0b,d561d2e62a8e62,e561d2e62a8eb0,b561d2e62a8a43,f561d2e62a8f05,g561d2e62a8f5c,h561d2e62a8fb3,i561d2e62a9009,j561d2e62a9062
a561d2e62a941e,c561d2e62a9475,d561d2e62a94cb,e561d2e62a9522,b561d2e62a90be,f561d2e62a9578,g561d2e62a95c6,h561d2e62a961b,i561d2e62a9672,j561d2e62a96c9
a561d2e62a9a91,c561d2e62a9aed,d561d2e62a9b46,e561d2e62a9ba1,b561d2e62a971f,f561d2e62a9bfb,g561d2e62a9c51,h561d2e62a9cae,i561d2e62a9d04,j561d2e62a9d5b
a561d2e62aa109,c561d2e62aa160,d561d2e62aa1c1,e561d2e62aa218,b561d2e62a9db2,f561d2e62aa26e,g561d2e62aa2c5,h561d2e62aa31b,i561d2e62aa372,j561d2e62aa3c9
a561d2e62aa784,c561d2e62aa7db,d561d2e62aa830,e561d2e62aa886,b561d2e62aa420,f561d2e62aa8dd,g561d2e62aa934,h561d2e62aa98a,i561d2e62aa9d7,j561d2e62aaa2c
a561d2e62aadeb,c561d2e62aae42,d561d2e62aae98,e561d2e62aaef1,b561d2e62aaa84,f561d2e62aaf4c,g561d2e62aafa1,h561d2e62aaff8,i561d2e62ab045,j561d2e62ab09c
a561d2e62ab459,c561d2e62ab4b0,d561d2e62ab507,e561d2e62ab55e,b561d2e62ab0fc,f561d2e62ab5bf,g561d2e62ab615,h561d2e62ab66b,i561d2e62ab6c2,j561d2e62ab719
a561d2e62abaae,c561d2e62abb02,d561d2e62abb59,e561d2e62abba8,b561d2e62ab776,f561d2e62abbfc,g561d2e62abc4b,h561d2e62abc9f,i561d2e62abcf6,j561d2e62abd4d
a561d2e62ac0f1,c561d2e62ac13f,d561d2e62ac18f,e561d2e62ac1e1,b561d2e62abda3,f561d2e62ac23a,g561d2e62ac28e,h561d2e62ac2e2,i561d2e62ac337,j561d2e62ac38d
a561d2e62ac71f,c561d2e62ac76c,d561d2e62ac7c3,e561d2e62ac819,b561d2e62ac3e4,f561d2e62ac870,g561d2e62ac8c6,h561d2e62ac914,i561d2e62ac96a,j561d2e62ac9bf
a561d2e62acd64,c561d2e62acdbb,d561d2e62ace12,e561d2e62ace6e,b561d2e62aca16,f561d2e62acec5,g561d2e62acf1b,h561d2e62acf69,i561d2e62acfbe,j561d2e62ad015
a561d2e62ad3b4,c561d2e62ad40e,d561d2e62ad461,e561d2e62ad4b8,b561d2e62ad06c,f561d2e62ad510,g561d2e62ad566,h561d2e62ad5bc,i561d2e62ad60a,j561d2e62ad65f
a561d2e62ada0f,c561d2e62ada65,d561d2e62adab3,e561d2e62adaf1,b561d2e62ad6b8,f561d2e62adb40,g561d2e62adb96,h561d2e62adbe4,i561d2e62adc3a,j561d2e62adc90
a561d2e62ae04a,c561d2e62ae0a0,d561d2e62ae0ee,e561d2e62ae143,b561d2e62adcf2,f561d2e62ae19a,g561d2e62ae1f6,h561d2e62ae244,i561d2e62ae298,j561d2e62ae2f0
a561d2e62ae652,c561d2e62ae6a9,d561d2e62ae717,e561d2e62ae76a,b561d2e62ae346,f561d2e62ae7c0,g561d2e62ae817,h561d2e62ae89e,i561d2e62ae8f2,j561d2e62ae94a
a561d2e62aecf8,c561d2e62aed4f,d561d2e62aeda5,e561d2e62aedfc,b561d2e62ae9a0,f561d2e62aee53,g561d2e62aeea9,h561d2e62aeef7,i561d2e62aef4d,j561d2e62aefa3
a561d2e62af34d,c561d2e62af3a3,d561d2e62af3fa,e561d2e62af448,b561d2e62aeffa,f561d2e62af49d,g561d2e62af4f4,h561d2e62af54a,i561d2e62af5a1,j561d2e62af5fb
a561d2e62af9a7,c561d2e62af9fe,d561d2e62afa54,e561d2e62afaa2,b561d2e62af64e,f561d2e62afafd,g561d2e62afb59,h561d2e62afbaf,i561d2e62afc06,j561d2e62afc5c
a561d2e62b000c,c561d2e62b0061,d561d2e62b00b8,e561d2e62b010f,b561d2e62afcb3,f561d2e62b0166,g561d2e62b01bc,h561d2e62b0213,i561d2e62b0260,j561d2e62b02b6
a561d2e62b065f,c561d2e62b06b6,d561d2e62b0704,e561d2e62b0759,b561d2e62b030c,f561d2e62b07b0,g561d2e62b07fe,h561d2e62b0853,i561d2e62b08aa,j561d2e62b0901
a561d2e62b0caa,c561d2e62b0d01,d561d2e62b0d4f,e561d2e62b0da4,b561d2e62b0957,f561d2e62b0dfa,g561d2e62b0e51,h561d2e62b0eb2,i561d2e62b0f00,j561d2e62b0f55
a561d2e62b1318,c561d2e62b136f,d561d2e62b13cb,e561d2e62b1418,b561d2e62b0fac,f561d2e62b146d,g561d2e62b14c4,h561d2e62b1512,i561d2e62b156a,j561d2e62b15ba
a561d2e62b196c,c561d2e62b19ba,d561d2e62b1a10,e561d2e62b1a66,b561d2e62b1610,f561d2e62b1abe,g561d2e62b1b14,h561d2e62b1b62,i561d2e62b1bb7,j561d2e62b1c0e
a561d2e62b1fb8,c561d2e62b200e,d561d2e62b2065,e561d2e62b20bc,b561d2e62b1c64,f561d2e62b2112,g561d2e62b2160,h561d2e62b21b6,i561d2e62b220b,j561d2e62b2264
a561d2e62b25e2,c561d2e62b2634,d561d2e62b268c,e561d2e62b26e2,b561d2e62b22c3,f561d2e62b273a,g561d2e62b2790,h561d2e62b27dd,i561d2e62b281b,j561d2e62b286a
a561d2e62b2c66,c561d2e62b2cbd,d561d2e62b2d14,e561d2e62b2d61,b561d2e62b28d9,f561d2e62b2db6,g561d2e62b2e0d,h561d2e62b2e5b,i561d2e62b2eb1,j561d2e62b2f11
a561d2e62b32b6,c561d2e62b330c,d561d2e62b3364,e561d2e62b33ba,b561d2e62b2f67,f561d2e62b341a,g561d2e62b3473,h561d2e62b34c8,i561d2e62b3516,j561d2e62b356b
a561d2e62b390c,c561d2e62b3961,d561d2e62b39ba,e561d2e62b3a11,b561d2e62b35c2,f561d2e62b3a67,g561d2e62b3abc,h561d2e62b3b12,i561d2e62b3b60,j561d2e62b3bb6
a561d2e62b3f5f,c561d2e62b3fb6,d561d2e62b4004,e561d2e62b4059,b561d2e62b3c0d,f561d2e62b40b0,g561d2e62b4106,h561d2e62b415d,i561d2e62b41b4,j561d2e62b420a
a561d2e62b45be,c561d2e62b4615,d561d2e62b4663,e561d2e62b46b8,b561d2e62b4261,f561d2e62b470e,g561d2e62b475c,h561d2e62b47b6,i561d2e62b480d,j561d2e62b4864
a561d2e62b4c09,c561d2e62b4c5f,d561d2e62b4cc1,e561d2e62b4d17,b561d2e62b48ba,f561d2e62b4d6e,g561d2e62b4dc4,h561d2e62b4e1b,i561d2e62b4e71,j561d2e62b4ec8
a561d2e62b5282,c561d2e62b52d8,d561d2e62b532f,e561d2e62b5385,b561d2e62b4f1f,f561d2e62b53d6,g561d2e62b5428,h561d2e62b547f,i561d2e62b54d5,j561d2e62b552d
a561d2e62b58cc,c561d2e62b5923,d561d2e62b5979,e561d2e62b59cf,b561d2e62b5583,f561d2e62b5a27,g561d2e62b5a7d,h561d2e62b5acb,i561d2e62b5b20,j561d2e62b5b79
a561d2e62b5f26,c561d2e62b5f7c,d561d2e62b5fca,e561d2e62b6020,b561d2e62b5bcd,f561d2e62b6078,g561d2e62b60cd,h561d2e62b6124,i561d2e62b6173,j561d2e62b61c7
a561d2e62b656d,c561d2e62b65c2,d561d2e62b6618,e561d2e62b6667,b561d2e62b621e,f561d2e62b66bc,g561d2e62b6712,h561d2e62b6760,i561d2e62b67b5,j561d2e62b680c
a561d2e62b6bb3,c561d2e62b6c04,d561d2e62b6c58,e561d2e62b6caf,b561d2e62b6863,f561d2e62b6cfd,g561d2e62b6d53,h561d2e62b6da8,i561d2e62b6df7,j561d2e62b6e4c
a561d2e62b71fc,c561d2e62b7252,d561d2e62b72ac,e561d2e62b72fd,b561d2e62b6ea3,f561d2e62b7351,g561d2e62b73a8,h561d2e62b73fe,i561d2e62b745b,j561d2e62b74b1
a561d2e62b7855,c561d2e62b78ae,d561d2e62b7903,e561d2e62b795b,b561d2e62b7507,f561d2e62b79b0,g561d2e62b7a07,h561d2e62b7a54,i561d2e62b7aaa,j561d2e62b7b00
a561d2e62b7eaf,c561d2e62b7f05,d561d2e62b7f53,e561d2e62b7fa9,b561d2e62b7b58,f561d2e62b8000,g561d2e62b8056,h561d2e62b80ad,i561d2e62b8104,j561d2e62b815b
a561d2e62b850e,c561d2e62b8564,d561d2e62b85b2,e561d2e62b8608,b561d2e62b81ad,f561d2e62b865e,g561d2e62b86ac,h561d2e62b8702,i561d2e62b8758,j561d2e62b87ae
a561d2e62b8b59,c561d2e62b8baf,d561d2e62b8c06,e561d2e62b8c5c,b561d2e62b8807,f561d2e62b8cb3,g561d2e62b8d0b,h561d2e62b8d60,i561d2e62b8dae,j561d2e62b8e03
a561d2e62b919e,c561d2e62b91ff,d561d2e62b9258,e561d2e62b92ac,b561d2e62b8e5a,f561d2e62b92f9,g561d2e62b934f,h561d2e62b93a5,i561d2e62b93f4,j561d2e62b9449
a561d2e62b97f3,c561d2e62b984a,d561d2e62b98a0,e561d2e62b98f6,b561d2e62b94a0,f561d2e62b9944,g561d2e62b9999,h561d2e62b99f0,i561d2e62b9a47,j561d2e62b9a9e
a561d2e62b9e42,c561d2e62b9e99,d561d2e62b9ef0,e561d2e62b9f46,b561d2e62b9af4,f561d2e62b9f94,g561d2e62b9fee,h561d2e62ba045,i561d2e62ba093,j561d2e62ba0ed
a561d2e62ba49c,c561d2e62ba4f3,d561d2e62ba54a,e561d2e62ba5a0,b561d2e62ba144,f561d2e62ba5fc,g561d2e62ba64a,h561d2e62ba69f,i561d2e62ba6f5,j561d2e62ba74c
a561d2e62baafd,c561d2e62bab50,d561d2e62baba3,e561d2e62babe3,b561d2e62ba7a3,f561d2e62bac32,g561d2e62bac72,h561d2e62bacc0,i561d2e62bad17,j561d2e62bad6e
a561d2e62bb11f,c561d2e62bb176,d561d2e62bb1ca,e561d2e62bb218,b561d2e62badc5,f561d2e62bb26d,g561d2e62bb2c4,h561d2e62bb312,i561d2e62bb367,j561d2e62bb3bd
a561d2e62bb772,c561d2e62bb7c9,d561d2e62bb81f,e561d2e62bb86c,b561d2e62bb415,f561d2e62bb8c2,g561d2e62bb918,h561d2e62bb975,i561d2e62bb9cb,j561d2e62bba22
a561d2e62bbdc6,c561d2e62bbe1e,d561d2e62bbe7f,e561d2e62bbed4,b561d2e62bba78,f561d2e62bbf2b,g561d2e62bbf79,h561d2e62bbfce,i561d2e62bc025,j561d2e62bc07c
a561d2e62bc430,c561d2e62bc486,d561d2e62bc4d4,e561d2e62bc529,b561d2e62bc0d2,f561d2e62bc580,g561d2e62bc5ce,h561d2e62bc623,i561d2e62bc679,j561d2e62bc6d0
a561d2e62bca7a,c561d2e62bcad1,d561d2e62bcb1e,e561d2e62bcb74,b561d2e62bc727,f561d2e62bcbca,g561d2e62bcc19,h561d2e62bcc6e,i561d2e62bccc4,j561d2e62bcd1b
a561d2e62bd0c7,c561d2e62bd11b,d561d2e62bd169,e561d2e62bd1be,b561d2e62bcd7b,f561d2e62bd217,g561d2e62bd266,h561d2e62bd2bd,i561d2e62bd314,j561d2e62bd36a
a561d2e62bd71a,c561d2e62bd770,d561d2e62bd7c7,e561d2e62bd81d,b561d2e62bd3c1,f561d2e62bd876,g561d2e62bd8cd,h561d2e62bd922,i561d2e62bd978,j561d2e62bd9cf
a561d2e62bdd6e,c561d2e62bddc5,d561d2e62bde12,e561d2e62bde69,b561d2e62bda25,f561d2e62bdebe,g561d2e62bdf0c,h561d2e62bdf62,i561d2e62bdfb8,j561d2e62be00f
a561d2e62be3be,c561d2e62be415,d561d2e62be46b,e561d2e62be4b9,b561d2e62be068,f561d2e62be50e,g561d2e62be565,h561d2e62be5b3,i561d2e62be60c,j561d2e62be65b
a561d2e62bea0e,c561d2e62bea64,d561d2e62beabb,e561d2e62beb17,b561d2e62be6b0,f561d2e62beb7b,g561d2e62bebce,h561d2e62bec24,i561d2e62bec7b,j561d2e62beceb
a561d2e62bf0a4,c561d2e62bf0fb,d561d2e62bf149,e561d2e62bf19e,b561d2e62bed42,f561d2e62bf1f5,g561d2e62bf243,h561d2e62bf298,i561d2e62bf2ee,j561d2e62bf345
a561d2e62bf6e6,c561d2e62bf73b,d561d2e62bf792,e561d2e62bf7e9,b561d2e62bf39c,f561d2e62bf83f,g561d2e62bf896,h561d2e62bf8ed,i561d2e62bf943,j561d2e62bf999
a561d2e62bfd3f,c561d2e62bfd95,d561d2e62bfde3,e561d2e62bfe39,b561d2e62bf9f3,f561d2e62bfe8f,g561d2e62bfeeb,h561d2e62bff41,i561d2e62bff9a,j561d2e62bffef
a561d2e62c039e,c561d2e62c03f6,d561d2e62c044b,e561d2e62c04a1,b561d2e62c0049,f561d2e62c04f0,g561d2e62c0545,h561d2e62c059b,i561d2e62c05e9,j561d2e62c063f
a561d2e62c09f7,c561d2e62c0a4e,d561d2e62c0a9c,e561d2e62c0af1,b561d2e62c069a,f561d2e62c0b47,g561d2e62c0b96,h561d2e62c0beb,i561d2e62c0c41,j561d2e62c0c98
a561d2e62c1042,c561d2e62c1099,d561d2e62c10e7,e561d2e62c113c,b561d2e62c0cef,f561d2e62c1192,g561d2e62c11e0,h561d2e62c1236,i561d2e62c128c,j561d2e62c12e4
a561d2e62c168f,c561d2e62c16e3,d561d2e62c173a,e561d2e62c1788,b561d2e62c1339,f561d2e62c17e2,g561d2e62c1839,h561d2e62c188f,i561d2e62c18dd,j561d2e62c1932
a561d2e62c1ce2,c561d2e62c1d38,d561d2e62c1d86,e561d2e62c1ddb,b561d2e62c1989,f561d2e62c1e32,g561d2e62c1e88,h561d2e62c1ed9,i561d2e62c1f2b,j561d2e62c1f82
a561d2e62c2353,c561d2e62c23ac,d561d2e62c2402,e561d2e62c2458,b561d2e62c1fd9,f561d2e62c24a7,g561d2e62c24fc,h561d2e62c2552,i561d2e62c25a0,j561d2e62c25f7
a561d2e62c29af,c561d2e62c2a05,d561d2e62c2a52,e561d2e62c2aa9,b561d2e62c2652,f561d2e62c2aff,g561d2e62c2b4d,h561d2e62c2ba6,i561d2e62c2bfe,j561d2e62c2c55
a561d2e62c2fef,c561d2e62c3045,d561d2e62c30a2,e561d2e62c30ef,b561d2e62c2c97,f561d2e62c3145,g561d2e62c319b,h561d2e62c31f2,i561d2e62c3249,j561d2e62c329f
a561d2e62c364e,c561d2e62c36a8,d561d2e62c36f7,e561d2e62c374d,b561d2e62c32f5,f561d2e62c37a3,g561d2e62c37fa,h561d2e62c3851,i561d2e62c38a7,j561d2e62c38fe
a561d2e62c3c94,c561d2e62c3cea,d561d2e62c3d41,e561d2e62c3d8e,b561d2e62c3955,f561d2e62c3de6,g561d2e62c3e3f,h561d2e62c3e97,i561d2e62c3eed,j561d2e62c3f44
a561d2e62c42e8,c561d2e62c433f,d561d2e62c438d,e561d2e62c43e2,b561d2e62c3fa5,f561d2e62c443a,g561d2e62c448a,h561d2e62c44d7,i561d2e62c452d,j561d2e62c4584
a561d2e62c4940,c561d2e62c4993,d561d2e62c49e1,e561d2e62c4a37,b561d2e62c45da,f561d2e62c4a8d,g561d2e62c4adb,h561d2e62c4b31,i561d2e62c4b88,j561d2e62c4bde
a561d2e62c4f8b,c561d2e62c4fe4,d561d2e62c503b,e561d2e62c5091,b561d2e62c4c34,f561d2e62c50e7,g561d2e62c5135,h561d2e62c518a,i561d2e62c51e1,j561d2e62c5238
a561d2e62c55ec,c561d2e62c5642,d561d2e62c5699,e561d2e62c56f0,b561d2e62c528f,f561d2e62c573d,g561d2e62c5793,h561d2e62c57ea,i561d2e62c5845,j561d2e62c589b
a561d2e62c5c50,c561d2e62c5ca6,d561d2e62c5cfd,e561d2e62c5d6b,b561d2e62c58f2,f561d2e62c5dbf,g561d2e62c5e0d,h561d2e62c5e62,i561d2e62c5eb8,j561d2e62c5f0e
a561d2e62c62b4,c561d2e62c630a,d561d2e62c6361,e561d2e62c63b8,b561d2e62c5f66,f561d2e62c640e,g561d2e62c6465,h561d2e62c64bb,i561d2e62c6513,j561d2e62c656c
a561d2e62c6912,c561d2e62c6969,d561d2e62c69b7,e561d2e62c6a0c,b561d2e62c65c6,f561d2e62c6a63,g561d2e62c6ab1,h561d2e62c6b06,i561d2e62c6b5d,j561d2e62c6bb3
a561d2e62c6f62,c561d2e62c6fb9,d561d2e62c7006,e561d2e62c705c,b561d2e62c6c14,f561d2e62c70b2,g561d2e62c710e,h561d2e62c715c,i561d2e62c71b1,j561d2e62c7208
a561d2e62c75a3,c561d2e62c75fb,d561d2e62c7650,e561d2e62c76a6,b561d2e62c725f,f561d2e62c76f4,g561d2e62c774d,h561d2e62c77a6,i561d2e62c7808,j561d2e62c785a
a561d2e62c7c01,c561d2e62c7c58,d561d2e62c7ca9,e561d2e62c7cfb,b561d2e62c78ae,f561d2e62c7d52,g561d2e62c7da8,h561d2e62c7df6,i561d2e62c7e4c,j561d2e62c7ea2
a561d2e62c824c,c561d2e62c82a3,d561d2e62c82fa,e561d2e62c8347,b561d2e62c7efa,f561d2e62c839d,g561d2e62c83f3,h561d2e62c844a,i561d2e62c84a1,j561d2e62c84f9
a561d2e62c8882,c561d2e62c88d9,d561d2e62c8927,e561d2e62c897c,b561d2e62c854d,f561d2e62c89dd,g561d2e62c8a2b,h561d2e62c8a80,i561d2e62c8ad6,j561d2e62c8b2d
a561d2e62c8ee3,c561d2e62c8f38,d561d2e62c8f8e,e561d2e62c8fe0,b561d2e62c8b84,f561d2e62c9039,g561d2e62c908d,h561d2e62c90e5,i561d2e62c913a,j561d2e62c9191
a561d2e62c9545,c561d2e62c959d,d561d2e62c95f3,e561d2e62c9640,b561d2e62c91e8,f561d2e62c9697,g561d2e62c96ec,h561d2e62c9744,i561d2e62c979a,j561d2e62c97f0
a561d2e62c9b95,c561d2e62c9bee,d561d2e62c9c42,e561d2e62c9c90,b561d2e62c9847,f561d2e62c9ce5,g561d2e62c9d3b,h561d2e62c9d98,i561d2e62c9de5,j561d2e62c9e3b
a561d2e62ca1df,c561d2e62ca237,d561d2e62ca297,e561d2e62ca2ed,b561d2e62c9e92,f561d2e62ca344,g561d2e62ca39b,h561d2e62ca3f2,i561d2e62ca448,j561d2e62ca4a2
a561d2e62ca853,c561d2e62ca8aa,d561d2e62ca8f7,e561d2e62ca94d,b561d2e62ca4fc,f561d2e62ca9a3,g561d2e62ca9fa,h561d2e62caa51,i561d2e62caa9e,j561d2e62caaf4
a561d2e62cae98,c561d2e62caef4,d561d2e62caf4b,e561d2e62cafa1,b561d2e62cab4a,f561d2e62caff8,g561d2e62cb045,h561d2e62cb09c,i561d2e62cb0f1,j561d2e62cb148
a561d2e62cb4f2,c561d2e62cb540,d561d2e62cb595,e561d2e62cb5eb,b561d2e62cb1a9,f561d2e62cb647,g561d2e62cb69e,h561d2e62cb6f5,i561d2e62cb743,j561d2e62cb799
a561d2e62cbb3f,c561d2e62cbb93,d561d2e62cbbea,e561d2e62cbc41,b561d2e62cb7ee,f561d2e62cbc8e,g561d2e62cbce4,h561d2e62cbd3a,i561d2e62cbd88,j561d2e62cbdde
a561d2e62cc191,c561d2e62cc1e8,d561d2e62cc236,e561d2e62cc28a,b561d2e62cbe39,f561d2e62cc2e2,g561d2e62cc338,h561d2e62cc386,i561d2e62cc3dc,j561d2e62cc431
a561d2e62cc781,c561d2e62cc7d7,d561d2e62cc824,e561d2e62cc878,b561d2e62cc489,f561d2e62cc8c8,g561d2e62cc91d,h561d2e62cc974,i561d2e62cc9cc,j561d2e62cca22
a561d2e62ccdbb,c561d2e62cce12,d561d2e62cce60,e561d2e62ccebb,b561d2e62cca73,f561d2e62ccf11,g561d2e62ccf5f,h561d2e62ccfb4,i561d2e62cd00b,j561d2e62cd061
a561d2e62cd41a,c561d2e62cd471,d561d2e62cd4c8,e561d2e62cd51e,b561d2e62cd0b8,f561d2e62cd56c,g561d2e62cd5c1,h561d2e62cd618,i561d2e62cd666,j561d2e62cd6bb
a561d2e62cda72,c561d2e62cdaca,d561d2e62cdb19,e561d2e62cdb6f,b561d2e62cd712,f561d2e62cdbbf,g561d2e62cdc17,h561d2e62cdc6d,i561d2e62cdcc3,j561d2e62cdd1b
a561d2e62ce0c4,c561d2e62ce11b,d561d2e62ce168,e561d2e62ce1bd,b561d2e62cdd77,f561d2e62ce214,g561d2e62ce271,h561d2e62ce2be,i561d2e62ce313,j561d2e62ce36a
a561d2e62ce705,c561d2e62ce75c,d561d2e62ce7ad,e561d2e62ce7fa,b561d2e62ce3c1,f561d2e62ce850,g561d2e62ce8a6,h561d2e62ce8f4,i561d2e62ce949,j561d2e62ce9a0
a561d2e62ced45,c561d2e62ced9b,d561d2e62cedf3,e561d2e62cee42,b561d2e62ce9f9,f561d2e62cee96,g561d2e62ceeed,h561d2e62cef43,i561d2e62cef99,j561d2e62ceff1
a561d2e62cf3b3,c561d2e62cf40a,d561d2e62cf457,e561d2e62cf4ad,b561d2e62cf047,f561d2e62cf504,g561d2e62cf551,h561d2e62cf5a6,i561d2e62cf5fe,j561d2e62cf656
a561d2e62cf9ff,c561d2e62cfa5e,d561d2e62cfab7,e561d2e62cfb0b,b561d2e62cf6aa,f561d2e62cfb64,g561d2e62cfbb8,h561d2e62cfc06,i561d2e62cfc5c,j561d2e62cfcb2
a561d2e62d004f,c561d2e62d00a4,d561d2e62d00fa,e561d2e62d0152,b561d2e62cfd0a,f561d2e62d01a8,g561d2e62d01f5,h561d2e62d024b,i561d2e62d02a1,j561d2e62d02f8
a561d2e62d06ac,c561d2e62d0703,d561d2e62d0751,e561d2e62d07a5,b561d2e62d0352,f561d2e62d07fd,g561d2e62d084a,h561d2e62d08a0,i561d2e62d08f6,j561d2e62d0950
a561d2e62d0d02,c561d2e62d0d58,d561d2e62d0da5,e561d2e62d0dfa,b561d2e62d09a0,f561d2e62d0e51,g561d2e62d0eac,h561d2e62d0f05,i561d2e62d0f5b,j561d2e62d0fb1
a561d2e62d134c,c561d2e62d13a2,d561d2e62d13fe,e561d2e62d1454,b561d2e62d1008,f561d2e62d14ab,g561d2e62d14f9,h561d2e62d154e,i561d2e62d15ab,j561d2e62d15fe
a561d2e62d19b0,c561d2e62d1a07,d561d2e62d1a5c,e561d2e62d1ab3,b561d2e62d165a,f561d2e62d1b0a,g561d2e62d1b58,h561d2e62d1bad,i561d2e62d1c03,j561d2e62d1c5b
a561d2e62d200f,c561d2e62d2065,d561d2e62d20bc,e561d2e62d2113,b561d2e62d1cb1,f561d2e62d2160,g561d2e62d21b5,h561d2e62d220c,i561d2e62d2263,j561d2e62d22b9
a561d2e62d265f,c561d2e62d26b4,d561d2e62d2703,e561d2e62d2758,b561d2e62d231b,f561d2e62d27af,g561d2e62d2810,h561d2e62d2877,i561d2e62d28cc,j561d2e62d2923
a561d2e62d2cc4,c561d2e62d2d1a,d561d2e62d2d6f,e561d2e62d2dbd,b561d2e62d297a,f561d2e62d2e12,g561d2e62d2e69,h561d2e62d2ec0,i561d2e62d2f17,j561d2e62d2f6e
a561d2e62d332b,c561d2e62d3381,d561d2e62d33d0,e561d2e62d3425,b561d2e62d2fc9,f561d2e62d347b,g561d2e62d34c9,h561d2e62d351f,i561d2e62d3575,j561d2e62d35cc
a561d2e62d397b,c561d2e62d39d2,d561d2e62d3a20,e561d2e62d3a75,b561d2e62d3623,f561d2e62d3acc,g561d2e62d3b22,h561d2e62d3b79,i561d2e62d3bc7,j561d2e62d3c27
a561d2e62d3fda,c561d2e62d4031,d561d2e62d407e,e561d2e62d40d9,b561d2e62d3c82,f561d2e62d4130,g561d2e62d4186,h561d2e62d41d4,i561d2e62d4229,j561d2e62d4280
a561d2e62d4639,c561d2e62d4690,d561d2e62d46e6,e561d2e62d4734,b561d2e62d42d7,f561d2e62d478a,g561d2e62d47e2,h561d2e62d4837,i561d2e62d488d,j561d2e62d48e4
a561d2e62d4cac,c561d2e62d4d02,d561d2e62d4d59,e561d2e62d4db0,b561d2e62d493b,f561d2e62d4e07,g561d2e62d4e5e,h561d2e62d4eb4,i561d2e62d4f02,j561d2e62d4f58
a561d2e62d5301,c561d2e62d5358,d561d2e62d53a5,e561d2e62d53fb,b561d2e62d4faf,f561d2e62d5452,g561d2e62d54a8,h561d2e62d5504,i561d2e62d555a,j561d2e62d55b1
a561d2e62d594b,c561d2e62d59ad,d561d2e62d5a03,e561d2e62d5a5a,b561d2e62d5608,f561d2e62d5aa8,g561d2e62d5afd,h561d2e62d5b54,i561d2e62d5baa,j561d2e62d5c01
a561d2e62d5fb0,c561d2e62d6007,d561d2e62d605d,e561d2e62d60ab,b561d2e62d5c58,f561d2e62d6100,g561d2e62d6157,h561d2e62d61ad,i561d2e62d61fb,j561d2e62d6251
a561d2e62d6604,c561d2e62d665b,d561d2e62d66a9,e561d2e62d6701,b561d2e62d62a7,f561d2e62d675a,g561d2e62d67b0,h561d2e62d6807,i561d2e62d685e,j561d2e62d68bf
a561d2e62d6c6e,c561d2e62d6cc4,d561d2e62d6d1b,e561d2e62d6d72,b561d2e62d6915,f561d2e62d6dcc,g561d2e62d6e1f,h561d2e62d6e6d,i561d2e62d6ec1,j561d2e62d6f19
a561d2e62d72c9,c561d2e62d731e,d561d2e62d737b,e561d2e62d73d1,b561d2e62d6f6f,f561d2e62d7428,g561d2e62d747d,h561d2e62d74cc,i561d2e62d7521,j561d2e62d7577
a561d2e62d7924,c561d2e62d797b,d561d2e62d79cf,e561d2e62d7a24,b561d2e62d75ce,f561d2e62d7a7a,g561d2e62d7ad1,h561d2e62d7b1f,i561d2e62d7b6e,j561d2e62d7bbd
a561d2e62d7f4b,c561d2e62d7f99,d561d2e62d7fe8,e561d2e62d803b,b561d2e62d7c11,f561d2e62d8091,g561d2e62d80e0,h561d2e62d8134,i561d2e62d8191,j561d2e62d81df
a561d2e62d857c,c561d2e62d85cb,d561d2e62d8635,e561d2e62d868c,b561d2e62d8233,f561d2e62d86e3,g561d2e62d873b,h561d2e62d878f,i561d2e62d87e7,j561d2e62d883e
a561d2e62d8bec,c561d2e62d8c43,d561d2e62d8c91,e561d2e62d8cee,b561d2e62d8894,f561d2e62d8d3e,g561d2e62d8d93,h561d2e62d8de1,i561d2e62d8e37,j561d2e62d8e8d
a561d2e62d9246,c561d2e62d929d,d561d2e62d92f4,e561d2e62d934a,b561d2e62d8ee4,f561d2e62d9398,g561d2e62d93ed,h561d2e62d9444,i561d2e62d9492,j561d2e62d94e8
a561d2e62d98a0,c561d2e62d98f7,d561d2e62d9945,e561d2e62d999a,b561d2e62d9547,f561d2e62d99f0,g561d2e62d9a52,h561d2e62d9aa8,i561d2e62d9af6,j561d2e62d9b4b
a561d2e62d9efb,c561d2e62d9f50,d561d2e62d9fa8,e561d2e62d9ffd,b561d2e62d9ba1,f561d2e62da054,g561d2e62da0a3,h561d2e62da0fd,i561d2e62da153,j561d2e62da1ab
a561d2e62da570,c561d2e62da5c4,d561d2e62da61b,e561d2e62da671,b561d2e62da206,f561d2e62da6c8,g561d2e62da716,h561d2e62da76b,i561d2e62da7c1,j561d2e62da818
a561d2e62dabc7,c561d2e62dac1e,d561d2e62dac74,e561d2e62dacc2,b561d2e62da86f,f561d2e62dad18,g561d2e62dad6e,h561d2e62dadbc,i561d2e62dae12,j561d2e62dae73
a561d2e62db221,c561d2e62db278,d561d2e62db2c5,e561d2e62db326,b561d2e62daec9,f561d2e62db37b,g561d2e62db3c9,h561d2e62db41e,i561d2e62db478,j561d2e62db4ca
a561d2e62db876,c561d2e62db8c4,d561d2e62db919,e561d2e62db970,b561d2e62db528,f561d2e62db9c6,g561d2e62dba1e,h561d2e62dba74,i561d2e62dbaca,j561d2e62dbb21
a561d2e62dbed6,c561d2e62dbf2b,d561d2e62dbf79,e561d2e62dbfd0,b561d2e62dbb78,f561d2e62dc025,g561d2e62dc07b,h561d2e62dc0d3,i561d2e62dc129,j561d2e62dc180
a561d2e62dc539,c561d2e62dc58f,d561d2e62dc5dd,e561d2e62dc63e,b561d2e62dc1e1,f561d2e62dc690,g561d2e62dc6e5,h561d2e62dc73d,i561d2e62dc793,j561d2e62dc7e9
a561d2e62dcb8d,c561d2e62dcbe7,d561d2e62dcc3a,e561d2e62dcc92,b561d2e62dc840,f561d2e62dcce8,g561d2e62dcd3f,h561d2e62dcd95,i561d2e62dcde3,j561d2e62dce38
a561d2e62dd1dd,c561d2e62dd234,d561d2e62dd281,e561d2e62dd2d7,b561d2e62dce8f,f561d2e62dd32d,g561d2e62dd37b,h561d2e62dd3d1,i561d2e62dd427,j561d2e62dd481
a561d2e62dd82e,c561d2e62dd883,d561d2e62dd8da,e561d2e62dd928,b561d2e62dd4da,f561d2e62dd97d,g561d2e62dd9d4,h561d2e62dda2b,i561d2e62dda81,j561d2e62ddada
a561d2e62dde93,c561d2e62ddee8,d561d2e62ddf3e,e561d2e62ddf8c,b561d2e62ddb2e,f561d2e62ddfe7,g561d2e62de034,h561d2e62de089,i561d2e62de0e0,j561d2e62de137
a561d2e62de4a4,c561d2e62de4f9,d561d2e62de551,e561d2e62de5a8,b561d2e62de18d,f561d2e62de5fe,g561d2e62de654,h561d2e62de6ac,i561d2e62de702,j561d2e62de758
a561d2e62deb03,c561d2e62deb59,d561d2e62deba7,e561d2e62debfc,b561d2e62de7af,f561d2e62dec52,g561d2e62deca1,h561d2e62decf6,i561d2e62ded4d,j561d2e62deda3
a561d2e62df152,c561d2e62df1a8,d561d2e62df1f7,e561d2e62df24c,b561d2e62dedfa,f561d2e62df2a3,g561d2e62df2f9,h561d2e62df347,i561d2e62df3a9,j561d2e62df3fd
a561d2e62df7b1,c561d2e62df808,d561d2e62df864,e561d2e62df8ba,b561d2e62df455,f561d2e62df911,g561d2e62df967,h561d2e62df9b5,i561d2e62dfa0b,j561d2e62dfa61
a561d2e62dfe1f,c561d2e62dfe75,d561d2e62dfecc,e561d2e62dff23,b561d2e62dfab8,f561d2e62dff71,g561d2e62dffc6,h561d2e62e001c,i561d2e62e006b,j561d2e62e00c0
a561d2e62e0489,c561d2e62e04df,d561d2e62e0535,e561d2e62e058d,b561d2e62e0117,f561d2e62e05e3,g561d2e62e063a,h561d2e62e0690,i561d2e62e06e7,j561d2e62e073d
a561d2e62e0af7,c561d2e62e0b4d,d561d2e62e0b9b,e561d2e62e0bf1,b561d2e62e079f,f561d2e62e0c47,g561d2e62e0ca9,h561d2e62e0cfe,i561d2e62e0d4c,j561d2e62e0da2
a561d2e62e113c,c561d2e62e1194,d561d2e62e11e9,e561d2e62e122a,b561d2e62e0df8,f561d2e62e1277,g561d2e62e12d1,h561d2e62e1326,i561d2e62e137c,j561d2e62e13d2
a561d2e62e176e,c561d2e62e17c9,d561d2e62e1820,e561d2e62e1876,b561d2e62e142a,f561d2e62e18cd,g561d2e62e1923,h561d2e62e1971,i561d2e62e19c8,j561d2e62e1a1d
a561d2e62e1dd1,c561d2e62e1e28,d561d2e62e1e7e,e561d2e62e1ecc,b561d2e62e1a73,f561d2e62e1f25,g561d2e62e1f6f,h561d2e62e1fc9,i561d2e62e2020,j561d2e62e2079
a561d2e62e2426,c561d2e62e247d,d561d2e62e24d3,e561d2e62e2530,b561d2e62e20cd,f561d2e62e2586,g561d2e62e25dc,h561d2e62e2633,i561d2e62e2680,j561d2e62e26d6
a561d2e62e2a85,c561d2e62e2adc,d561d2e62e2b2a,e561d2e62e2b8d,b561d2e62e272d,f561d2e62e2bd9,g561d2e62e2c2a,h561d2e62e2c83,i561d2e62e2cd9,j561d2e62e2d2f
a561d2e62e30e4,c561d2e62e313a,d561d2e62e3188,e561d2e62e31de,b561d2e62e2d86,f561d2e62e3237,g561d2e62e328b,h561d2e62e32d9,i561d2e62e332e,j561d2e62e3385
a561d2e62e373e,c561d2e62e3794,d561d2e62e37e2,e561d2e62e3838,b561d2e62e33e6,f561d2e62e388e,g561d2e62e38dc,h561d2e62e3937,i561d2e62e3984,j561d2e62e39d9
a561d2e62e3d74,c561d2e62e3dcc,d561d2e62e3e22,e561d2e62e3e78,b561d2e62e3a30,f561d2e62e3ec5,g561d2e62e3f13,h561d2e62e3f68,i561d2e62e3fb5,j561d2e62e400a
a561d2e62e43be,c561d2e62e4414,d561d2e62e446c,e561d2e62e44c2,b561d2e62e4061,f561d2e62e4519,g561d2e62e456f,h561d2e62e45be,i561d2e62e4613,j561d2e62e4669
a561d2e62e4a13,c561d2e62e4a6a,d561d2e62e4ab7,e561d2e62e4b0d,b561d2e62e46c0,f561d2e62e4b63,g561d2e62e4bb1,h561d2e62e4c07,i561d2e62e4c5d,j561d2e62e4cb5
a561d2e62e5090,c561d2e62e50e2,d561d2e62e5139,e561d2e62e5199,b561d2e62e4d0a,f561d2e62e51e7,g561d2e62e523d,h561d2e62e5293,i561d2e62e52ea,j561d2e62e5342
a561d2e62e5716,c561d2e62e576a,d561d2e62e57c0,e561d2e62e5817,b561d2e62e53cb,f561d2e62e586e,g561d2e62e58c4,h561d2e62e591b,i561d2e62e5969,j561d2e62e59bf
a561d2e62e5d77,c561d2e62e5dce,d561d2e62e5e1b,e561d2e62e5e71,b561d2e62e5a1b,f561d2e62e5ec7,g561d2e62e5f1e,h561d2e62e5f75,i561d2e62e5fc3,j561d2e62e6018
a561d2e62e63db,c561d2e62e6432,d561d2e62e6480,e561d2e62e64d5,b561d2e62e606f,f561d2e62e652c,g561d2e62e6579,h561d2e62e65cf,i561d2e62e6627,j561d2e62e667f
a561d2e62e6a1c,c561d2e62e6a72,d561d2e62e6acf,e561d2e62e6b25,b561d2e62e66d8,f561d2e62e6b7b,g561d2e62e6bc9,h561d2e62e6c1f,i561d2e62e6c75,j561d2e62e6ccb
a561d2e62e7066,c561d2e62e70bf,d561d2e62e7116,e561d2e62e716b,b561d2e62e6d22,f561d2e62e71c1,g561d2e62e720e,h561d2e62e7264,i561d2e62e72ba,j561d2e62e7312
a561d2e62e76c6,c561d2e62e771c,d561d2e62e7773,e561d2e62e77ca,b561d2e62e7368,f561d2e62e7826,g561d2e62e787c,h561d2e62e78d2,i561d2e62e7920,j561d2e62e7975
a561d2e62e7d2f,c561d2e62e7d85,d561d2e62e7ddc,e561d2e62e7e32,b561d2e62e79d6,f561d2e62e7e80,g561d2e62e7edb,h561d2e62e7f32,i561d2e62e7f88,j561d2e62e7fdf
a561d2e62e838d,c561d2e62e83e4,d561d2e62e8431,e561d2e62e8487,b561d2e62e8038,f561d2e62e84de,g561d2e62e852b,h561d2e62e8581,i561d2e62e85d7,j561d2e62e862e
a561d2e62e89d8,c561d2e62e8a2f,d561d2e62e8a7c,e561d2e62e8ad1,b561d2e62e8685,f561d2e62e8b29,g561d2e62e8b7f,h561d2e62e8bcd,i561d2e62e8c23,j561d2e62e8c7e
a561d2e62e9032,c561d2e62e9089,d561d2e62e90df,e561d2e62e9136,b561d2e62e8cda,f561d2e62e918c,g561d2e62e91da,h561d2e62e9230,i561d2e62e9286,j561d2e62e92df
a561d2e62e9681,c561d2e62e96d8,d561d2e62e972f,e561d2e62e9790,b561d2e62e9334,f561d2e62e97e6,g561d2e62e9834,h561d2e62e9889,i561d2e62e98e0,j561d2e62e9936
a561d2e62e9ce6,c561d2e62e9d3c,d561d2e62e9d93,e561d2e62e9de0,b561d2e62e998d,f561d2e62e9e36,g561d2e62e9e8d,h561d2e62e9ee3,i561d2e62e9f3a,j561d2e62e9f93
a561d2e62ea34f,c561d2e62ea3a5,d561d2e62ea3fc,e561d2e62ea452,b561d2e62e9fed,f561d2e62ea4a1,g561d2e62ea4f6,h561d2e62ea54c,i561d2e62ea59a,j561d2e62ea5f0
a561d2e62ea9ae,c561d2e62eaa04,d561d2e62eaa52,e561d2e62eaaa8,b561d2e62ea651,f561d2e62eaafe,g561d2e62eab55,h561d2e62eabad,i561d2e62eac02,j561d2e62eac60
a561d2e62eb007,c561d2e62eb069,d561d2e62eb0bf,e561d2e62eb10d,b561d2e62eacba,f561d2e62eb162,g561d2e62eb1b8,h561d2e62eb206,i561d2e62eb25b,j561d2e62eb2b8
a561d2e62eb668,c561d2e62eb6be,d561d2e62eb714,e561d2e62eb76a,b561d2e62eb30b,f561d2e62eb7bd,g561d2e62eb813,h561d2e62eb869,i561d2e62eb8c0,j561d2e62eb917
a561d2e62ebccb,c561d2e62ebd21,d561d2e62ebd6f,e561d2e62ebdc4,b561d2e62eb96d,f561d2e62ebe1b,g561d2e62ebe72,h561d2e62ebec2,i561d2e62ebf15,j561d2e62ebf6d
a561d2e62ec310,c561d2e62ec367,d561d2e62ec3be,e561d2e62ec415,b561d2e62ebfc2,f561d2e62ec46c,g561d2e62ec4c1,h561d2e62ec518,i561d2e62ec566,j561d2e62ec5bb
a561d2e62ec96f,c561d2e62ec9c5,d561d2e62eca1c,e561d2e62eca7b,b561d2e62ec612,f561d2e62ecad5,g561d2e62ecb2a,h561d2e62ecb81,i561d2e62ecbd7,j561d2e62ecc2e
a561d2e62ecfa0,c561d2e62ecff7,d561d2e62ed044,e561d2e62ed09a,b561d2e62ecc84,f561d2e62ed0f1,g561d2e62ed147,h561d2e62ed19e,i561d2e62ed1f5,j561d2e62ed24b
a561d2e62ed5fa,c561d2e62ed63d,d561d2e62ed69a,e561d2e62ed6ee,b561d2e62ed2a2,f561d2e62ed745,g561d2e62ed79c,h561d2e62ed7f8,i561d2e62ed845,j561d2e62ed89b
a561d2e62edc2b,c561d2e62edc81,d561d2e62edcdb,e561d2e62edd2f,b561d2e62ed8f1,f561d2e62edd86,g561d2e62eddd3,h561d2e62ede2b,i561d2e62ede85,j561d2e62ededb
a561d2e62ee280,c561d2e62ee2d6,d561d2e62ee324,e561d2e62ee379,b561d2e62edf31,f561d2e62ee3d0,g561d2e62ee41e,h561d2e62ee474,i561d2e62ee4ca,j561d2e62ee521
a561d2e62ee8d5,c561d2e62ee92b,d561d2e62ee981,e561d2e62ee9d0,b561d2e62ee578,f561d2e62eea25,g561d2e62eea7b,h561d2e62eeac9,i561d2e62eeb1e,j561d2e62eeb75
a561d2e62eef34,c561d2e62eef8a,d561d2e62eefe1,e561d2e62ef02e,b561d2e62eebd7,f561d2e62ef083,g561d2e62ef0e5,h561d2e62ef13b,i561d2e62ef192,j561d2e62ef1f3
a561d2e62ef59e,c561d2e62ef5f3,d561d2e62ef64a,e561d2e62ef697,b561d2e62ef247,f561d2e62ef6ed,g561d2e62ef743,h561d2e62ef791,i561d2e62ef7e7,j561d2e62ef83d
a561d2e62efc1a,c561d2e62efc71,d561d2e62efcbe,e561d2e62efd14,b561d2e62ef8ad,f561d2e62efd2a,g561d2e62efd78,h561d2e62efdc8,i561d2e62efe1f,j561d2e62efe7a
a561d2e62f0228,c561d2e62f027e,d561d2e62f02cc,e561d2e62f0321,b561d2e62efecf,f561d2e62f0377,g561d2e62f03cf,h561d2e62f0422,i561d2e62f0482,j561d2e62f04d8
a561d2e62f0872,c561d2e62f08c9,d561d2e62f091f,e561d2e62f097b,b561d2e62f052f,f561d2e62f09c9,g561d2e62f0a1e,h561d2e62f0a6c,i561d2e62f0ac2,j561d2e62f0b18
a561d2e62f0e70,c561d2e62f0ec7,d561d2e62f0f1d,e561d2e62f0f6b,b561d2e62f0b6f,f561d2e62f0fc0,g561d2e62f1017,h561d2e62f1065,i561d2e62f10bb,j561d2e62f1110
a561d2e62f14b6,c561d2e62f150d,d561d2e62f1563,e561d2e62f15b1,b561d2e62f1168,f561d2e62f1606,g561d2e62f1667,h561d2e62f16be,i561d2e62f1714,j561d2e62f176b
a561d2e62f1b1a,c561d2e62f1b70,d561d2e62f1bbe,e561d2e62f1c14,b561d2e62f17cc,f561d2e62f1c74,g561d2e62f1ccb,h561d2e62f1d23,i561d2e62f1d78,j561d2e62f1dcf
a561d2e62f2169,c561d2e62f21c2,d561d2e62f2217,e561d2e62f226f,b561d2e62f1e26,f561d2e62f22c6,g561d2e62f231b,h561d2e62f2368,i561d2e62f23bd,j561d2e62f2414
a561d2e62f27c3,c561d2e62f281a,d561d2e62f2870,e561d2e62f28be,b561d2e62f246b,f561d2e62f2914,g561d2e62f296a,h561d2e62f29b9,i561d2e62f2a0e,j561d2e62f2a64
a561d2e62f2e1d,c561d2e62f2e74,d561d2e62f2eca,e561d2e62f2f21,b561d2e62f2aba,f561d2e62f2f78,g561d2e62f2fce,h561d2e62f301d,i561d2e62f3071,j561d2e62f30d2
a561d2e62f3477,c561d2e62f34ce,d561d2e62f351c,e561d2e62f3570,b561d2e62f3128,f561d2e62f35c9,g561d2e62f361e,h561d2e62f3674,i561d2e62f36cb,j561d2e62f3722
a561d2e62f3ac6,c561d2e62f3b1d,d561d2e62f3b88,e561d2e62f3bd9,b561d2e62f3779,f561d2e62f3c2b,g561d2e62f3c79,h561d2e62f3cce,i561d2e62f3d25,j561d2e62f3d7c
a561d2e62f4130,c561d2e62f418e,d561d2e62f41e4,e561d2e62f4238,b561d2e62f3dd2,f561d2e6300047,g561d2e630009c,h561d2e63000f2,i561d2e6300149,j561d2e630019f
a561d2e630056e,c561d2e63005c4,d561d2e630061b,e561d2e6300671,b561d2e63001f6,f561d2e63006c9,g561d2e630071e,h561d2e6300776,i561d2e63007d1,j561d2e6300828
a561d2e6300be1,c561d2e6300c38,d561d2e6300c8f,e561d2e6300ce4,b561d2e630087e,f561d2e6300d3c,g561d2e6300d92,h561d2e6300de9,i561d2e6300e3f,j561d2e6300e96
a561d2e6301236,c561d2e630128b,d561d2e63012e2,e561d2e630133a,b561d2e6300eec,f561d2e6301390,g561d2e63013e7,h561d2e630143e,i561d2e6301494,j561d2e63014eb
a561d2e63018b1,c561d2e6301909,d561d2e6301957,e561d2e63019ad,b561d2e6301541,f561d2e6301a03,g561d2e6301a5b,h561d2e6301ab0,i561d2e6301afe,j561d2e6301b5b
a561d2e6301f13,c561d2e6301f69,d561d2e6301fbf,e561d2e6302017,b561d2e6301bbb,f561d2e630206d,g561d2e63020c5,h561d2e630211a,i561d2e6302170,j561d2e63021c7
a561d2e6302580,c561d2e63025e2,d561d2e6302637,e561d2e630268e,b561d2e630221e,f561d2e63026ed,g561d2e630273d,h561d2e6302792,i561d2e63027f3,j561d2e6302853
a561d2e6302c02,c561d2e6302c5a,d561d2e6302cb0,e561d2e6302d06,b561d2e63028ab,f561d2e6302d5d,g561d2e6302db4,h561d2e6302e0a,i561d2e6302e62,j561d2e6302eb9
a561d2e6303276,c561d2e63032cc,d561d2e630331b,e561d2e630336f,b561d2e6302f14,f561d2e63033c6,g561d2e630341d,h561d2e6303474,i561d2e63034ca,j561d2e6303522
a561d2e63038ab,c561d2e63038f9,d561d2e630394f,e561d2e63039a8,b561d2e6303578,f561d2e6303a15,g561d2e6303a64,h561d2e6303aba,i561d2e6303b10,j561d2e6303b66
a561d2e6303f15,c561d2e6303f6c,d561d2e6303fc3,e561d2e630401a,b561d2e6303bbd,f561d2e6304070,g561d2e63040c7,h561d2e630411d,i561d2e6304174,j561d2e63041cb
a561d2e630457a,c561d2e63045d0,d561d2e6304627,e561d2e630467e,b561d2e6304221,f561d2e63046d4,g561d2e630472b,h561d2e6304781,i561d2e63047e1,j561d2e6304839
a561d2e6304bed,c561d2e6304c43,d561d2e6304c9a,e561d2e6304ce8,b561d2e6304896,f561d2e6304d3e,g561d2e6304d94,h561d2e6304df5,i561d2e6304e4b,j561d2e6304ea9
a561d2e630525b,c561d2e63052b3,d561d2e6305308,e561d2e630535f,b561d2e6304f03,f561d2e63053b6,g561d2e630540d,h561d2e6305463,i561d2e63054ba,j561d2e6305510
a561d2e63058a0,c561d2e63058f7,d561d2e630594e,e561d2e63059a4,b561d2e6305567,f561d2e63059fb,g561d2e6305a52,h561d2e6305aa8,i561d2e6305aff,j561d2e6305b56
a561d2e6305f19,c561d2e6305f70,d561d2e6305fc3,e561d2e6306018,b561d2e6305bac,f561d2e630606e,g561d2e63060c5,h561d2e630611c,i561d2e6306172,j561d2e63061d4
a561d2e6306592,c561d2e63065e8,d561d2e630663e,e561d2e6306695,b561d2e630622f,f561d2e63066f0,g561d2e6306742,h561d2e630679a,i561d2e63067f0,j561d2e6306846
a561d2e6306c00,c561d2e6306c56,d561d2e6306cad,e561d2e6306d03,b561d2e630689e,f561d2e6306d5b,g561d2e6306db0,h561d2e6306dfe,i561d2e6306e53,j561d2e6306eab
a561d2e6307264,c561d2e63072ba,d561d2e6307311,e561d2e6307367,b561d2e6306f01,f561d2e63073be,g561d2e6307415,h561d2e630746b,i561d2e63074c2,j561d2e6307519
a561d2e63078e1,c561d2e6307938,d561d2e6307985,e561d2e63079c3,b561d2e6307570,f561d2e6307a12,g561d2e6307a69,h561d2e6307ac0,i561d2e6307b30,j561d2e6307b81
a561d2e6307f27,c561d2e6307f7d,d561d2e6307fdf,e561d2e6308035,b561d2e6307bd9,f561d2e630808b,g561d2e63080e2,h561d2e6308139,i561d2e6308190,j561d2e63081e6
a561d2e6308594,c561d2e63085e2,d561d2e630863b,e561d2e6308694,b561d2e630823d,f561d2e63086ea,g561d2e6308746,h561d2e630879e,i561d2e63087f3,j561d2e630884b
a561d2e6308c03,c561d2e6308c5a,d561d2e6308cb0,e561d2e6308d08,b561d2e63088a1,f561d2e6308d5d,g561d2e6308db4,h561d2e6308e0b,i561d2e6308e61,j561d2e6308eb8
a561d2e630927c,c561d2e63092d2,d561d2e6309329,e561d2e6309380,b561d2e6308f1e,f561d2e63093d6,g561d2e6309432,h561d2e630947f,i561d2e63094d5,j561d2e630952c
a561d2e63098d0,c561d2e6309931,d561d2e6309988,e561d2e63099de,b561d2e6309582,f561d2e6309a35,g561d2e6309a8c,h561d2e6309ae2,i561d2e6309b39,j561d2e6309b90
a561d2e6309f34,c561d2e6309f8b,d561d2e6309fe1,e561d2e630a02f,b561d2e6309be6,f561d2e630a084,g561d2e630a0db,h561d2e630a132,i561d2e630a180,j561d2e630a1d5
a561d2e630a586,c561d2e630a5e0,d561d2e630a637,e561d2e630a68d,b561d2e630a22c,f561d2e630a6e4,g561d2e630a73a,h561d2e630a788,i561d2e630a7de,j561d2e630a83e
a561d2e630abe3,c561d2e630ac3a,d561d2e630ac90,e561d2e630acf2,b561d2e630a895,f561d2e630ad47,g561d2e630ad96,h561d2e630adeb,i561d2e630ae42,j561d2e630ae9c
a561d2e630b242,c561d2e630b299,d561d2e630b2ef,e561d2e630b346,b561d2e630aef4,f561d2e630b39d,g561d2e630b3f3,h561d2e630b44a,i561d2e630b4a0,j561d2e630b4fa
a561d2e630b8b6,c561d2e630b908,d561d2e630b95e,e561d2e630b9b4,b561d2e630b553,f561d2e630ba0a,g561d2e630ba61,h561d2e630bab8,i561d2e630bb23,j561d2e630bb7a
a561d2e630bf4c,c561d2e630bfa3,d561d2e630bffa,e561d2e630c050,b561d2e630bbd0,f561d2e630c0a7,g561d2e630c0fe,h561d2e630c15a,i561d2e630c1b0,j561d2e630c207
a561d2e630c5ae,c561d2e630c602,d561d2e630c669,e561d2e630c6be,b561d2e630c25d,f561d2e630c70c,g561d2e630c761,h561d2e630c7ba,i561d2e630c80b,j561d2e630c860
a561d2e630cc15,c561d2e630cc6e,d561d2e630ccbe,e561d2e630cd0a,b561d2e630c8b7,f561d2e630cd60,g561d2e630cdb6,h561d2e630ce0d,i561d2e630ce64,j561d2e630ceba
a561d2e630d269,c561d2e630d2bf,d561d2e630d30d,e561d2e630d363,b561d2e630cf11,f561d2e630d3ba,g561d2e630d410,h561d2e630d460,i561d2e630d4b3,j561d2e630d515
a561d2e630d8c3,c561d2e630d919,d561d2e630d970,e561d2e630d9c7,b561d2e630d567,f561d2e630da1f,g561d2e630da74,h561d2e630dacb,i561d2e630db19,j561d2e630db6e
a561d2e630df36,c561d2e630df8d,d561d2e630dfe4,e561d2e630e031,b561d2e630dbca,f561d2e630e086,g561d2e630e0de,h561d2e630e134,i561d2e630e18b,j561d2e630e1e1
a561d2e630e590,c561d2e630e5e7,d561d2e630e63d,e561d2e630e68b,b561d2e630e238,f561d2e630e6e0,g561d2e630e737,h561d2e630e78e,i561d2e630e7e5,j561d2e630e83b
a561d2e630ebf5,c561d2e630ec4c,d561d2e630eca1,e561d2e630ecf8,b561d2e630e892,f561d2e630ed52,g561d2e630edab,h561d2e630ee02,i561d2e630ee63,j561d2e630eeb9
a561d2e630f268,c561d2e630f2be,d561d2e630f31a,e561d2e630f373,b561d2e630ef0f,f561d2e630f3c7,g561d2e630f415,h561d2e630f46a,i561d2e630f4c1,j561d2e630f518
a561d2e630f8c6,c561d2e630f914,d561d2e630f96a,e561d2e630f9c0,b561d2e630f56e,f561d2e630fa17,g561d2e630fa6d,h561d2e630fac5,i561d2e630fb1a,j561d2e630fb72
a561d2e630ff25,c561d2e630ff7c,d561d2e630ffd3,e561d2e6310029,b561d2e630fbc8,f561d2e6310080,g561d2e63100ce,h561d2e6310123,i561d2e631017a,j561d2e63101d0
a561d2e6310580,c561d2e63105d7,d561d2e631062c,e561d2e631067a,b561d2e6310231,f561d2e63106d0,g561d2e6310728,h561d2e631077e,i561d2e63107d4,j561d2e631082b
a561d2e6310bd9,c561d2e6310c3a,d561d2e6310c91,e561d2e6310cde,b561d2e6310881,f561d2e6310d37,g561d2e6310d90,h561d2e6310de6,i561d2e6310e3d,j561d2e6310e93
a561d2e631123e,c561d2e6311294,d561d2e63112a8,e561d2e63112f5,b561d2e6310eea,f561d2e631134b,g561d2e63113a2,h561d2e63113f8,i561d2e6311450,j561d2e63114a6
a561d2e631184f,c561d2e63118a7,d561d2e63118fd,e561d2e631194a,b561d2e63114fb,f561d2e63119a0,g561d2e63119f7,h561d2e6311a4e,i561d2e6311aa4,j561d2e6311b05
a561d2e6311ea0,c561d2e6311ef6,d561d2e6311f4c,e561d2e6311fa9,b561d2e6311b5c,f561d2e6311fff,g561d2e6312056,h561d2e63120ac,i561d2e63120fa,j561d2e6312150
a561d2e6312515,c561d2e631256f,d561d2e63125c5,e561d2e631261c,b561d2e63121a6,f561d2e6312672,g561d2e63126c0,h561d2e6312716,i561d2e631276c,j561d2e63127c3
a561d2e6312b6c,c561d2e6312bc4,d561d2e6312c1a,e561d2e6312c71,b561d2e6312819,f561d2e6312cc7,g561d2e6312d1d,h561d2e6312d6b,i561d2e6312dc1,j561d2e6312e17
a561d2e63131c6,c561d2e631321f,d561d2e6313273,e561d2e63132c1,b561d2e6312e78,f561d2e6313317,g561d2e631336d,h561d2e63133d4,i561d2e631342b,j561d2e6313481
a561d2e6313825,c561d2e6313887,d561d2e63138dd,e561d2e631392a,b561d2e63134d7,f561d2e6313980,g561d2e63139d6,h561d2e6313a2d,i561d2e6313a84,j561d2e6313adb
a561d2e6313e82,c561d2e6313ed2,d561d2e6313f27,e561d2e6313f7e,b561d2e6313b31,f561d2e6313fd5,g561d2e6314022,h561d2e6314078,i561d2e63140cf,j561d2e6314125
a561d2e63144de,c561d2e6314535,d561d2e6314583,e561d2e63145d7,b561d2e631417b,f561d2e631462f,g561d2e6314685,h561d2e63146d3,i561d2e6314728,j561d2e6314789
a561d2e6314b2e,c561d2e6314b84,d561d2e6314bdb,e561d2e6314c32,b561d2e63147e0,f561d2e6314c91,g561d2e6314cea,h561d2e6314d40,i561d2e6314d97,j561d2e6314ded
a561d2e63151a6,c561d2e63151fd,d561d2e631524b,e561d2e63152a0,b561d2e6314e44,f561d2e63152f7,g561d2e631534d,h561d2e63153a4,i561d2e63153f2,j561d2e6315448
a561d2e63157f6,c561d2e631584c,d561d2e631589a,e561d2e63158f0,b561d2e631549e,f561d2e6315946,g561d2e631599d,h561d2e63159f4,i561d2e6315a50,j561d2e6315aa7
a561d2e6315e5a,c561d2e6315eb1,d561d2e6315f07,e561d2e6315f55,b561d2e6315afd,f561d2e6315faa,g561d2e6316001,h561d2e6316057,i561d2e63160b0,j561d2e6316108
a561d2e63164ab,c561d2e6316500,d561d2e631655c,e561d2e63165b3,b561d2e6316157,f561d2e631660a,g561d2e6316660,h561d2e63166b7,i561d2e631670d,j561d2e6316764
a561d2e6316b13,c561d2e6316b69,d561d2e6316bb7,e561d2e6316c0c,b561d2e63167bb,f561d2e6316c63,g561d2e6316cb1,h561d2e6316d06,i561d2e6316d5d,j561d2e6316db4
a561d2e631716c,c561d2e63171c3,d561d2e6317211,e561d2e6317266,b561d2e6316e0a,f561d2e63172bc,g561d2e631730a,h561d2e6317360,i561d2e63173b7,j561d2e6317410
a561d2e63177bc,c561d2e6317813,d561d2e6317860,e561d2e63178b6,b561d2e6317470,f561d2e631790d,g561d2e631796e,h561d2e63179c4,i561d2e6317a1b,j561d2e6317a72
a561d2e6317f70,c561d2e6317fd7,d561d2e631802b,e561d2e631807d,b561d2e6317ac8,f561d2e63180d2,g561d2e6318125,h561d2e631817c,i561d2e63181ca,j561d2e631821f
a561d2e63185b1,c561d2e6318605,d561d2e631865a,e561d2e63186b0,b561d2e6318275,f561d2e6318707,g561d2e631875d,h561d2e63187b8,i561d2e631880b,j561d2e631885f
a561d2e6318bf8,c561d2e6318c4b,d561d2e6318c9a,e561d2e6318cee,b561d2e63188b6,f561d2e6318d3d,g561d2e6318d8c,h561d2e6318de3,i561d2e6318e32,j561d2e6318e8b
a561d2e63191ca,c561d2e6319220,d561d2e6319272,e561d2e63192ce,b561d2e6318ee1,f561d2e631931f,g561d2e6319371,h561d2e63193c3,i561d2e6319419,j561d2e6319470
a561d2e6319805,c561d2e6319854,d561d2e63198a3,e561d2e63198fa,b561d2e63194c6,f561d2e6319948,g561d2e6319998,h561d2e63199ef,i561d2e6319a45,j561d2e6319a94
a561d2e6319e27,c561d2e6319e76,d561d2e6319ec5,e561d2e6319f16,b561d2e6319ae8,f561d2e6319f64,g561d2e6319fb2,h561d2e631a008,i561d2e631a05e,j561d2e631a0b5
a561d2e631a46e,c561d2e631a4c5,d561d2e631a51c,e561d2e631a56a,b561d2e631a10c,f561d2e631a5bf,g561d2e631a616,h561d2e631a671,i561d2e631a6c8,j561d2e631a71e
a561d2e631aacd,c561d2e631ab25,d561d2e631ab75,e561d2e631abc3,b561d2e631a776,f561d2e631ac18,g561d2e631ac6f,h561d2e631acbd,i561d2e631ad12,j561d2e631ad69
a561d2e631b118,c561d2e631b16e,d561d2e631b1c5,e561d2e631b21c,b561d2e631adbf,f561d2e631b273,g561d2e631b2c9,h561d2e631b317,i561d2e631b373,j561d2e631b400
a561d2e631b7c5,c561d2e631b81f,d561d2e631b875,e561d2e631b8cf,b561d2e631b45e,f561d2e631b91f,g561d2e631b975,h561d2e631b9cb,i561d2e631ba22,j561d2e631ba82
a561d2e631be27,c561d2e631be7e,d561d2e631bede,e561d2e631bf65,b561d2e631bad9,f561d2e631bfc1,g561d2e631c015,h561d2e631c06c,i561d2e631c0cb,j561d2e631c11e
a561d2e631c4e2,c561d2e631c538,d561d2e631c586,e561d2e631c5dc,b561d2e631c173,f561d2e631c633,g561d2e631c689,h561d2e631c6d7,i561d2e631c72c,j561d2e631c783
a561d2e631cb2c,c561d2e631cb83,d561d2e631cbda,e561d2e631cc30,b561d2e631c7da,f561d2e631cc87,g561d2e631ccde,h561d2e631cd35,i561d2e631cd8b,j561d2e631cde2
a561d2e631d190,c561d2e631d1e7,d561d2e631d23e,e561d2e631d294,b561d2e631ce3b,f561d2e631d2e2,g561d2e631d338,h561d2e631d38e,i561d2e631d3ea,j561d2e631d440
a561d2e631d7e5,c561d2e631d83c,d561d2e631d894,e561d2e631d8e9,b561d2e631d497,f561d2e631d93f,g561d2e631d997,h561d2e631d9ed,i561d2e631da3b,j561d2e631da90
a561d2e631de49,c561d2e631dea0,d561d2e631deee,e561d2e631df44,b561d2e631dae7,f561d2e631df9a,g561d2e631dfe8,h561d2e631e03d,i561d2e631e094,j561d2e631e0ea
a561d2e631e489,c561d2e631e4e1,d561d2e631e52f,e561d2e631e584,b561d2e631e141,f561d2e631e5da,g561d2e631e628,h561d2e631e67e,i561d2e631e6d4,j561d2e631e72b
a561d2e631eae9,c561d2e631eb3f,d561d2e631eb97,e561d2e631ebed,b561d2e631e792,f561d2e631ec44,g561d2e631eca5,h561d2e631ecfb,i561d2e631ed49,j561d2e631eda0
a561d2e631f152,c561d2e631f1b3,d561d2e631f209,e561d2e631f263,b561d2e631edfa,f561d2e631f2ac,g561d2e631f2f2,h561d2e631f343,i561d2e631f393,j561d2e631f3d6
a561d2e631f79e,c561d2e631f7f4,d561d2e631f84a,e561d2e631f898,b561d2e631f436,f561d2e631f8ed,g561d2e631f943,h561d2e631f99a,i561d2e631f9f1,j561d2e631fa47
a561d2e631fde1,c561d2e631fe39,d561d2e631fe8f,e561d2e631fedd,b561d2e631fa9e,f561d2e631ff33,g561d2e631ff89,h561d2e631ffe1,i561d2e6320036,j561d2e63200a7
a561d2e6320434,c561d2e632048e,d561d2e63204db,e561d2e6320531,b561d2e63200fc,f561d2e6320598,g561d2e63205ec,h561d2e632063a,i561d2e6320690,j561d2e63206e7
a561d2e6320a9b,c561d2e6320af2,d561d2e6320b49,e561d2e6320b9f,b561d2e632073d,f561d2e6320bf6,g561d2e6320c43,h561d2e6320c98,i561d2e6320cd8,j561d2e6320d28
a561d2e63210e0,c561d2e6321137,d561d2e6321185,e561d2e63211dd,b561d2e6320d83,f561d2e6321237,g561d2e632128c,h561d2e63212e3,i561d2e632133a,j561d2e6321391
a561d2e632173a,c561d2e6321791,d561d2e63217e7,e561d2e6321835,b561d2e63213e7,f561d2e632188b,g561d2e63218e1,h561d2e632193d,i561d2e632198a,j561d2e63219e0
a561d2e6321d84,c561d2e6321de1,d561d2e6321e37,e561d2e6321e85,b561d2e6321a37,f561d2e6321eda,g561d2e6321f31,h561d2e6321f87,i561d2e6321fdf,j561d2e6322035
a561d2e63223d9,c561d2e6322430,d561d2e632247e,e561d2e63224d3,b561d2e632208b,f561d2e632252a,g561d2e6322578,h561d2e63225cf,i561d2e6322627,j561d2e632267f
a561d2e6322a39,c561d2e6322a92,d561d2e6322ae7,e561d2e6322b3d,b561d2e63226d6,f561d2e6322b93,g561d2e6322be0,h561d2e6322c46,i561d2e6322c9c,j561d2e6322cf4
a561d2e63230af,c561d2e6323108,d561d2e632315d,e561d2e63231ab,b561d2e6322d49,f561d2e6323202,g561d2e6323252,h561d2e63232a9,i561d2e6323300,j561d2e6323357
a561d2e63236f6,c561d2e632374c,d561d2e63237a3,e561d2e63237f1,b561d2e63233ad,f561d2e6323846,g561d2e6323894,h561d2e63238ea,i561d2e6323943,j561d2e632399d
a561d2e6323d5a,c561d2e6323db1,d561d2e6323e07,e561d2e6323e55,b561d2e63239f8,f561d2e6323eab,g561d2e6323f01,h561d2e6323f58,i561d2e6323fae,j561d2e6324005
a561d2e63243a5,c561d2e63243fb,d561d2e6324452,e561d2e63244a9,b561d2e632405c,f561d2e6324500,g561d2e6324556,h561d2e63245a4,i561d2e63245fe,j561d2e632465b
a561d2e63249fe,c561d2e6324a55,d561d2e6324ab1,e561d2e6324b08,b561d2e63246b2,f561d2e6324b60,g561d2e6324bb5,h561d2e6324c0c,i561d2e6324c62,j561d2e6324cb9
a561d2e6325072,c561d2e63250c9,d561d2e6325120,e561d2e6325176,b561d2e6324d0f,f561d2e63251cd,g561d2e632522b,h561d2e6325286,i561d2e63252e1,j561d2e6325333
a561d2e63256db,c561d2e6325732,d561d2e6325780,e561d2e63257d5,b561d2e6325387,f561d2e632582b,g561d2e6325879,h561d2e63258cf,i561d2e6325925,j561d2e632597c
a561d2e6325d2b,c561d2e6325d82,d561d2e6325dd0,e561d2e6325e25,b561d2e63259dd,f561d2e6325e7b,g561d2e6325ed3,h561d2e6325f29,i561d2e6325f7f,j561d2e6325fd6
a561d2e632637a,c561d2e63263dc,d561d2e6326432,e561d2e6326488,b561d2e632602c,f561d2e63264df,g561d2e6326536,h561d2e632658c,i561d2e63265da,j561d2e632662f
a561d2e63269e5,c561d2e6326a3c,d561d2e6326a94,e561d2e6326ae7,b561d2e6326686,f561d2e6326b3f,g561d2e6326b95,h561d2e6326beb,i561d2e6326c42,j561d2e6326c98
a561d2e6327048,c561d2e632709e,d561d2e63270f5,e561d2e632714c,b561d2e6326cef,f561d2e63271a3,g561d2e63271f9,h561d2e6327250,i561d2e63272a6,j561d2e6327303
a561d2e63276a7,c561d2e63276fd,d561d2e632774b,e561d2e63277a6,b561d2e6327359,f561d2e63277fc,g561d2e6327853,h561d2e63278aa,i561d2e6327900,j561d2e6327956
a561d2e6327d0c,c561d2e6327d61,d561d2e6327db7,e561d2e6327e06,b561d2e63279ad,f561d2e6327e5c,g561d2e6327eb2,h561d2e6327f08,i561d2e6327f5f,j561d2e6327fb6
a561d2e632834b,c561d2e63283a2,d561d2e6328427,e561d2e632847d,b561d2e632800c,f561d2e63284d3,g561d2e632852a,h561d2e6328578,i561d2e63285cd,j561d2e6328624
a561d2e63289da,c561d2e6328a33,d561d2e6328a8a,e561d2e6328ae1,b561d2e632867b,f561d2e6328b37,g561d2e6328b8e,h561d2e6328bea,i561d2e6328c40,j561d2e6328c98
a561d2e632903c,c561d2e6329092,d561d2e63290ee,e561d2e632913c,b561d2e6328ced,f561d2e6329191,g561d2e63291e8,h561d2e632923f,i561d2e6329295,j561d2e63292ec
a561d2e632969b,c561d2e63296f1,d561d2e632973f,e561d2e6329795,b561d2e6329342,f561d2e63297eb,g561d2e63299e7,h561d2e6329a32,i561d2e6329a83,j561d2e6329ad9
a561d2e6329e88,c561d2e6329ede,d561d2e6329f35,e561d2e6329f8b,b561d2e6329b2c,f561d2e6329fe2,g561d2e632a038,h561d2e632a08f,i561d2e632a0dd,j561d2e632a137
a561d2e632a4dc,c561d2e632a8d6,d561d2e632a925,e561d2e632a97b,b561d2e632a190,f561d2e632a9dc,g561d2e632aa32,h561d2e632aa7f,i561d2e632aad5,j561d2e632ab2c
a561d2e632aee1,c561d2e632af36,d561d2e632af92,e561d2e632afea,b561d2e632ab88,f561d2e632b041,g561d2e632b097,h561d2e632b0ed,i561d2e632b13a,j561d2e632b190
a561d2e632b53f,c561d2e632b595,d561d2e632b5ec,e561d2e632b63a,b561d2e632b1e6,f561d2e632b68f,g561d2e632b6e5,h561d2e632b733,i561d2e632b789,j561d2e632b7df
a561d2e632bba8,c561d2e632bbfe,d561d2e632bc4c,e561d2e632bca2,b561d2e632b836,f561d2e632bcf8,g561d2e632bd45,h561d2e632bd9c,i561d2e632bdf3,j561d2e632be48
a561d2e632c202,c561d2e632c258,d561d2e632c2a6,e561d2e632c300,b561d2e632be9f,f561d2e632c34e,g561d2e632c3aa,h561d2e632c400,i561d2e632c44d,j561d2e632c4a3
a561d2e632c830,c561d2e632c884,d561d2e632c8dc,e561d2e632c934,b561d2e632c4f9,f561d2e632c990,g561d2e632c9e0,h561d2e632ca35,i561d2e632ca8c,j561d2e632cae3
a561d2e632ce82,c561d2e632ced9,d561d2e632cf30,e561d2e632cf86,b561d2e632cb3a,f561d2e632cfd4,g561d2e632d02a,h561d2e632d080,i561d2e632d0cd,j561d2e632d123
a561d2e632d4d2,c561d2e632d529,d561d2e632d57f,e561d2e632d5d6,b561d2e632d180,f561d2e632d62d,g561d2e632d689,h561d2e632d6d6,i561d2e632d72f,j561d2e632d789
a561d2e632db3b,c561d2e632db93,d561d2e632dbe8,e561d2e632dc3f,b561d2e632d7e6,f561d2e632dc96,g561d2e632dced,h561d2e632dd43,i561d2e632dd91,j561d2e632dde6
a561d2e632e19b,c561d2e632e1f1,d561d2e632e247,e561d2e632e295,b561d2e632de3d,f561d2e632e2eb,g561d2e632e341,h561d2e632e38f,i561d2e632e3e4,j561d2e632e43b
a561d2e632e7f4,c561d2e632e84b,d561d2e632e8a1,e561d2e632e8ee,b561d2e632e492,f561d2e632e944,g561d2e632e99b,h561d2e632e9f2,i561d2e632ea48,j561d2e632eaa1
a561d2e632ee4e,c561d2e632eea5,d561d2e632eefb,e561d2e632eff9,b561d2e632eaf8,f561d2e632f056,g561d2e632f0ac,h561d2e632f105,i561d2e632f15b,j561d2e632f1b1
a561d2e632f560,c561d2e632f5b6,d561d2e632f60d,e561d2e632f663,b561d2e632f20c,f561d2e632f6ba,g561d2e632f713,h561d2e632f767,i561d2e632f7bd,j561d2e632f814
a561d2e632fbc9,c561d2e632fc1f,d561d2e632fc75,e561d2e632fccc,b561d2e632f86b,f561d2e632fd1a,g561d2e632fd6f,h561d2e632fdc6,i561d2e632fe1d,j561d2e632fe74
a561d2e6330232,c561d2e6330289,d561d2e63302df,e561d2e6330336,b561d2e632fed0,f561d2e633038c,g561d2e63303e2,h561d2e633043f,i561d2e6330495,j561d2e63304d7
a561d2e6330882,c561d2e63308d8,d561d2e6330939,e561d2e633098f,b561d2e6330528,f561d2e63309dd,g561d2e6330a32,h561d2e6330a89,i561d2e6330ae0,j561d2e6330b37
a561d2e6330edb,c561d2e6330f32,d561d2e6330f88,e561d2e6330fd6,b561d2e6330b8d,f561d2e633102b,g561d2e6331082,h561d2e63310d9,i561d2e633112f,j561d2e6331186
a561d2e633153f,c561d2e6331596,d561d2e63315ec,e561d2e6331643,b561d2e63311dd,f561d2e63316a3,g561d2e63316fa,h561d2e6331750,i561d2e63317a8,j561d2e63317fe
a561d2e6331bb4,c561d2e6331c0a,d561d2e6331c60,e561d2e6331cb6,b561d2e6331860,f561d2e6331d13,g561d2e6331d69,h561d2e6331dc0,i561d2e6331e21,j561d2e6331e78
a561d2e6332227,c561d2e633227c,d561d2e63322d3,e561d2e6332321,b561d2e6331ecd,f561d2e6332376,g561d2e63323cd,h561d2e633241b,i561d2e6332470,j561d2e63324c6
a561d2e6332852,c561d2e63328a8,d561d2e63328ff,e561d2e6332955,b561d2e633251d,f561d2e63329ad,g561d2e6332a03,h561d2e6332a59,i561d2e6332ab1,j561d2e6332b07
a561d2e6332eb1,c561d2e6332f07,d561d2e6332f5e,e561d2e6332fb5,b561d2e6332b5e,f561d2e633300b,g561d2e6333062,h561d2e63330b9,i561d2e6333114,j561d2e633316c
a561d2e6333510,c561d2e6333566,d561d2e63335bf,e561d2e633361e,b561d2e63331c1,f561d2e633366c,g561d2e63336c4,h561d2e633371d,i561d2e6333773,j561d2e63337ca
a561d2e6333b6e,c561d2e6333bbc,d561d2e6333c0d,e561d2e6333c63,b561d2e6333821,f561d2e6333cba,g561d2e6333d11,h561d2e6333d67,i561d2e6333dbe,j561d2e6333e15
a561d2e63341be,c561d2e6334214,d561d2e6334263,e561d2e63342b8,b561d2e6333e6c,f561d2e633430f,g561d2e6334365,h561d2e63343b3,i561d2e6334409,j561d2e633445f
a561d2e63347b8,c561d2e633480e,d561d2e633485c,e561d2e63348b1,b561d2e63344bc,f561d2e6334908,g561d2e633495f,h561d2e63349c9,i561d2e6334a20,j561d2e6334a77
a561d2e6334e20,c561d2e6334e78,d561d2e6334ece,e561d2e6334f24,b561d2e6334acd,f561d2e6334f7b,g561d2e6334fc9,h561d2e633501e,i561d2e6335075,j561d2e63350cb
a561d2e633548a,c561d2e63354e3,d561d2e6335536,e561d2e633558e,b561d2e6335122,f561d2e63355e3,g561d2e6335641,h561d2e6335698,i561d2e63356ed,j561d2e6335744
a561d2e6335af8,c561d2e6335b4e,d561d2e6335ba5,e561d2e6335bfb,b561d2e633579b,f561d2e6335c53,g561d2e6335ca9,h561d2e6335cff,i561d2e6335d57,j561d2e6335db8
a561d2e6336166,c561d2e63361bd,d561d2e633620a,e561d2e6336260,b561d2e6335e0e,f561d2e63362b8,g561d2e633630d,h561d2e6336364,i561d2e63363ba,j561d2e6336411
a561d2e63367da,c561d2e6336833,d561d2e633688f,e561d2e63368e2,b561d2e6336473,f561d2e6336939,g561d2e6336990,h561d2e63369dd,i561d2e6336a32,j561d2e6336a8a
a561d2e6336e33,c561d2e6336e8a,d561d2e6336ee1,e561d2e6336f37,b561d2e6336ae0,f561d2e6336f8e,g561d2e6336fe4,h561d2e633703b,i561d2e6337092,j561d2e63370e9
a561d2e633745f,c561d2e63374b5,d561d2e6337510,e561d2e6337569,b561d2e633713f,f561d2e63375bf,g561d2e6337616,h561d2e633766e,i561d2e63376c2,j561d2e633771a
a561d2e6337abf,c561d2e6337b15,d561d2e6337b71,e561d2e6337bc7,b561d2e6337770,f561d2e6337c1d,g561d2e6337c75,h561d2e6337ccb,i561d2e6337d19,j561d2e6337d6f
a561d2e633812d,c561d2e6338183,d561d2e63381da,e561d2e6338230,b561d2e6337dca,f561d2e6338287,g561d2e63382de,h561d2e6338334,i561d2e6338382,j561d2e63383d9
a561d2e6338796,c561d2e63387ec,d561d2e633883a,e561d2e6338877,b561d2e633842a,f561d2e63388c7,g561d2e633891e,h561d2e6338975,i561d2e63389cb,j561d2e6338a22
a561d2e6338dd0,c561d2e6338e27,d561d2e6338e75,e561d2e6338ecb,b561d2e6338a83,f561d2e6338f23,g561d2e6338f77,h561d2e6338fb7,i561d2e6339008,j561d2e6339063
a561d2e633941c,c561d2e6339472,d561d2e63394c9,e561d2e6339516,b561d2e63390be,f561d2e633956c,g561d2e63395c2,h561d2e6339619,i561d2e633966f,j561d2e63396c6
a561d2e6339a66,c561d2e6339abc,d561d2e6339b0b,e561d2e6339b60,b561d2e633971d,f561d2e6339bb6,g561d2e6339c04,h561d2e6339c5f,i561d2e6339cb5,j561d2e6339d0d
a561d2e633a0bb,c561d2e633a112,d561d2e633a168,e561d2e633a1b6,b561d2e6339d62,f561d2e633a20b,g561d2e633a262,h561d2e633a2b9,i561d2e633a31d,j561d2e633a36c
a561d2e633a71a,c561d2e633a770,d561d2e633a7c7,e561d2e633a81f,b561d2e633a3c1,f561d2e633a874,g561d2e633a8ca,h561d2e633a918,i561d2e633a96e,j561d2e633a9c5
a561d2e633ad73,c561d2e633adca,d561d2e633ae18,e561d2e633ae6d,b561d2e633aa1b,f561d2e633aec4,g561d2e633af1b,h561d2e633af71,i561d2e633afbf,j561d2e633b014
a561d2e633b3d8,c561d2e633b42e,d561d2e633b485,e561d2e633b4db,b561d2e633b06b,f561d2e633b529,g561d2e633b57f,h561d2e633b5d5,i561d2e633b623,j561d2e633b678
a561d2e633ba2c,c561d2e633ba83,d561d2e633bada,e561d2e633bb30,b561d2e633b6d9,f561d2e633bb7e,g561d2e633bbd8,h561d2e633bc26,i561d2e633bc7b,j561d2e633bcd2
a561d2e633c080,c561d2e633c0e2,d561d2e633c138,e561d2e633c18f,b561d2e633bd29,f561d2e633c1e6,g561d2e633c23f,h561d2e633c293,i561d2e633c2ea,j561d2e633c340
a561d2e633c6e5,c561d2e633c73c,d561d2e633c793,e561d2e633c7e9,b561d2e633c397,f561d2e633c829,g561d2e633c877,h561d2e633c8ce,i561d2e633c91c,j561d2e633c98c
a561d2e633cd3f,c561d2e633cd95,d561d2e633cde3,e561d2e633ce39,b561d2e633c9e1,f561d2e633ce90,g561d2e633cee6,h561d2e633cf34,i561d2e633cf89,j561d2e633cfea
a561d2e633d38e,c561d2e633d3e5,d561d2e633d433,e561d2e633d488,b561d2e633d040,f561d2e633d4e1,g561d2e633d536,h561d2e633d58d,i561d2e633d5e3,j561d2e633d63a
a561d2e633d9f3,c561d2e633da4a,d561d2e633daa0,e561d2e633daf7,b561d2e633d690,f561d2e633db44,g561d2e633db99,h561d2e633dbf0,i561d2e633dc3e,j561d2e633dc94
a561d2e633e042,c561d2e633e099,d561d2e633e0e7,e561d2e633e13c,b561d2e633dcea,f561d2e633e195,g561d2e633e1e9,h561d2e633e240,i561d2e633e296,j561d2e633e2ed
a561d2e633e697,c561d2e633e6ee,d561d2e633e745,e561d2e633e79b,b561d2e633e344,f561d2e633e7f2,g561d2e633e848,h561d2e633e8a5,i561d2e633e8fa,j561d2e633e952
a561d2e633ecfb,c561d2e633ed57,d561d2e633edb8,e561d2e633ee05,b561d2e633e9a8,f561d2e633ee5b,g561d2e633eeb1,h561d2e633eeff,i561d2e633ef54,j561d2e633efab
a561d2e633f373,c561d2e633f3cb,d561d2e633f421,e561d2e633f477,b561d2e633f002,f561d2e633f4ce,g561d2e633f524,h561d2e633f57b,i561d2e633f5d2,j561d2e633f629
a561d2e633f9e2,c561d2e633fa39,d561d2e633fa93,e561d2e633fae2,b561d2e633f67f,f561d2e633fb37,g561d2e633fb8e,h561d2e633fbe5,i561d2e633fc3b,j561d2e633fc92
a561d2e634004b,c561d2e63400a2,d561d2e6340102,e561d2e6340159,b561d2e633fcf3,f561d2e63401ba,g561d2e6340208,h561d2e634025d,i561d2e63402b4,j561d2e634030a
a561d2e63406ac,c561d2e63406fe,d561d2e6340757,e561d2e63407b1,b561d2e6340360,f561d2e6340801,g561d2e6340856,h561d2e63408ad,i561d2e6340904,j561d2e6340944
a561d2e6340d2d,c561d2e6340d83,d561d2e6340dd1,e561d2e6340e26,b561d2e6340993,f561d2e6340e7d,g561d2e6340eca,h561d2e6340f20,i561d2e6340f77,j561d2e6340fce
a561d2e6341381,c561d2e63413d8,d561d2e634142f,e561d2e6341485,b561d2e6341024,f561d2e63414db,g561d2e6341533,h561d2e6341589,i561d2e63415eb,j561d2e6341641
a561d2e63419ef,c561d2e6341a46,d561d2e6341a94,e561d2e6341aef,b561d2e6341697,f561d2e6341b45,g561d2e6341b92,h561d2e6341be8,i561d2e6341c3f,j561d2e6341c96
a561d2e6342049,c561d2e63420a0,d561d2e63420f7,e561d2e634214d,b561d2e6341cec,f561d2e63421a4,g561d2e63421f1,h561d2e6342247,i561d2e634229e,j561d2e63422f5
a561d2e63426a3,c561d2e63426fa,d561d2e6342750,e561d2e63427a7,b561d2e634234b,f561d2e63427fe,g561d2e634284c,h561d2e63428a2,i561d2e63428f7,j561d2e634294f
a561d2e6342cfd,c561d2e6342d54,d561d2e6342daa,e561d2e6342e01,b561d2e63429af,f561d2e6342e5a,g561d2e6342eba,h561d2e6342f0f,i561d2e6342f65,j561d2e6342fbe
a561d2e6343371,c561d2e63433c9,d561d2e634341e,e561d2e6343474,b561d2e6343018,f561d2e63434cb,g561d2e6343518,h561d2e634356e,i561d2e63435c4,j561d2e634361b
a561d2e63439d0,c561d2e6343a26,d561d2e6343a66,e561d2e6343ab4,b561d2e6343671,f561d2e6343b0b,g561d2e6343b5a,h561d2e6343baf,i561d2e6343c05,j561d2e6343c5c
a561d2e6344005,c561d2e634405c,d561d2e63440b2,e561d2e6344101,b561d2e6343cb3,f561d2e6344156,g561d2e63441ac,h561d2e6344203,i561d2e634425a,j561d2e63442b4
a561d2e634465f,c561d2e63446b6,d561d2e634470d,e561d2e634475a,b561d2e6344303,f561d2e63447b5,g561d2e634480b,h561d2e6344859,i561d2e63448af,j561d2e6344905
a561d2e6344c7c,c561d2e6344cd3,d561d2e6344d29,e561d2e6344d77,b561d2e634495c,f561d2e6344dcd,g561d2e6344e23,h561d2e6344e71,i561d2e6344ed2,j561d2e6344f2c
a561d2e63452e5,c561d2e634533b,d561d2e6345392,e561d2e63453e9,b561d2e6344f83,f561d2e6345437,g561d2e634548d,h561d2e63454e2,i561d2e6345539,j561d2e6345590
a561d2e634594a,c561d2e63459a0,d561d2e63459ed,e561d2e6345a43,b561d2e63455e7,f561d2e6345a99,g561d2e6345af0,h561d2e6345b49,i561d2e6345b9d,j561d2e6345bf4
a561d2e6345fb2,c561d2e6346009,d561d2e634606a,e561d2e63460c0,b561d2e6345c4b,f561d2e6346117,g561d2e634616d,h561d2e63461c7,i561d2e6346222,j561d2e634627c
a561d2e6346616,c561d2e634666d,d561d2e63466bb,e561d2e6346710,b561d2e63462d3,f561d2e6346767,g561d2e63467b4,h561d2e634680a,i561d2e6346861,j561d2e63468b8
a561d2e6346c70,c561d2e6346cc6,d561d2e6346d14,e561d2e6346d69,b561d2e634690d,f561d2e6346dc1,g561d2e6346e1a,h561d2e6346e6e,i561d2e6346ec4,j561d2e6346f1b
a561d2e63472ca,c561d2e6347321,d561d2e634736f,e561d2e63473c5,b561d2e6346f7c,f561d2e634741a,g561d2e6347477,h561d2e63474cd,i561d2e634751a,j561d2e6347570
a561d2e6347920,c561d2e6347976,d561d2e63479cc,e561d2e6347a23,b561d2e63475c6,f561d2e6347a79,g561d2e6347ac7,h561d2e6347b1c,i561d2e6347b73,j561d2e6347bca
a561d2e6347fa2,c561d2e6347ff8,d561d2e6348045,e561d2e634809b,b561d2e6347c21,f561d2e63480f2,g561d2e6348149,h561d2e6348196,i561d2e63481eb,j561d2e6348242
a561d2e63485f6,c561d2e634864d,d561d2e634869b,e561d2e63486f0,b561d2e6348299,f561d2e6348746,g561d2e634879d,h561d2e63487f4,i561d2e6348855,j561d2e63488bb
a561d2e6348c7e,c561d2e6348cda,d561d2e6348d30,e561d2e6348d97,b561d2e634891e,f561d2e6348de7,g561d2e6348e3e,h561d2e6348e94,i561d2e6348eec,j561d2e6348f42
a561d2e634930a,c561d2e6349359,d561d2e63493ae,e561d2e6349404,b561d2e6348f99,f561d2e6349452,g561d2e63494a8,h561d2e63494fe,i561d2e634954d,j561d2e63495a2
a561d2e634995b,c561d2e63499b1,d561d2e63499ff,e561d2e6349a54,b561d2e63495fe,f561d2e6349aab,g561d2e6349afc,h561d2e6349b50,i561d2e6349ba5,j561d2e6349bfb
a561d2e6349fa5,c561d2e6349ffb,d561d2e634a049,e561d2e634a09e,b561d2e6349c62,f561d2e634a0f6,g561d2e634a151,h561d2e634a1a8,i561d2e634a1f6,j561d2e634a24b
a561d2e634a64b,c561d2e634a6a4,d561d2e634a6f8,e561d2e634a746,b561d2e634a2a2,f561d2e634a79d,g561d2e634a7f3,h561d2e634a849,i561d2e634a8a0,j561d2e634a8f7
a561d2e634ac94,c561d2e634acec,d561d2e634ad43,e561d2e634ad91,b561d2e634a94d,f561d2e634ade6,g561d2e634ae3d,h561d2e634ae8b,i561d2e634aee0,j561d2e634af36
a561d2e634b304,c561d2e634b35b,d561d2e634b3a8,e561d2e634b3fe,b561d2e634af8e,f561d2e634b454,g561d2e634b4a2,h561d2e634b4f8,i561d2e634b54e,j561d2e634b5ae
a561d2e634b969,c561d2e634b9bf,d561d2e634ba15,e561d2e634ba6c,b561d2e634b605,f561d2e634bac4,g561d2e634bb19,h561d2e634bb67,i561d2e634bbbc,j561d2e634bc13
a561d2e634bf86,c561d2e634bfdb,d561d2e634c029,e561d2e634c07f,b561d2e634bc32,f561d2e634c0d5,g561d2e634c123,h561d2e634c179,i561d2e634c1cf,j561d2e634c225
a561d2e634c5e4,c561d2e634c63a,d561d2e634c688,e561d2e634c6dd,b561d2e634c27c,f561d2e634c734,g561d2e634c782,h561d2e634c7d7,i561d2e634c82d,j561d2e634c885
a561d2e634cc34,c561d2e634cc7a,d561d2e634ccd2,e561d2e634cd2a,b561d2e634c8db,f561d2e634cd80,g561d2e634cdd5,h561d2e634ce4a,i561d2e634cea1,j561d2e634cef7
a561d2e634d2b1,c561d2e634d307,d561d2e634d364,e561d2e634d3b1,b561d2e634cf4f,f561d2e634d407,g561d2e634d45d,h561d2e634d4ab,i561d2e634d500,j561d2e634d557
a561d2e634d91f,c561d2e634d976,d561d2e634d9cd,e561d2e634da1a,b561d2e634d5ad,f561d2e634da70,g561d2e634dac7,h561d2e634db1d,i561d2e634db76,j561d2e634dbcb
a561d2e634df7e,c561d2e634dfd6,d561d2e634e02c,e561d2e634e083,b561d2e634dc22,f561d2e634e0d9,g561d2e634e130,h561d2e634e186,i561d2e634e1dd,j561d2e634e234
a561d2e634e601,c561d2e634e658,d561d2e634e6ae,e561d2e634e705,b561d2e634e28c,f561d2e634e75b,g561d2e634e7bd,h561d2e634e80a,i561d2e634e85f,j561d2e634e8b6
a561d2e634ec67,c561d2e634ecbb,d561d2e634ed12,e561d2e634ed69,b561d2e634e90d,f561d2e634edbf,g561d2e634ee0d,h561d2e634ee62,i561d2e634eeb9,j561d2e634ef16
a561d2e634f2d9,c561d2e634f32e,d561d2e634f386,e561d2e634f3df,b561d2e634ef69,f561d2e634f42f,g561d2e634f48d,h561d2e634f4e6,i561d2e634f53d,j561d2e634f592
a561d2e634f937,c561d2e634f98e,d561d2e634f9dc,e561d2e634fa31,b561d2e634f5e9,f561d2e634fa88,g561d2e634fad8,h561d2e634fb2b,i561d2e634fb87,j561d2e634fbdd
a561d2e634ff89,c561d2e634ffda,d561d2e635002f,e561d2e6350087,b561d2e634fc34,f561d2e63500dc,g561d2e6350133,h561d2e635018a,i561d2e63501e0,j561d2e6350237
a561d2e63505f0,c561d2e6350647,d561d2e635069d,e561d2e63506eb,b561d2e635028e,f561d2e6350740,g561d2e6350797,h561d2e63507e4,i561d2e635083a,j561d2e6350890
a561d2e6350be9,c561d2e6350c3f,d561d2e6350c95,e561d2e6350cec,b561d2e63508d8,f561d2e6350d3b,g561d2e6350d96,h561d2e6350dec,i561d2e6350e43,j561d2e6350e98
a561d2e6351252,c561d2e63512a8,d561d2e63512ff,e561d2e6351356,b561d2e6350ef9,f561d2e63513ad,g561d2e6351403,h561d2e6351465,i561d2e63514bb,j561d2e6351512
a561d2e63518c0,c561d2e6351918,d561d2e635196d,e561d2e63519c4,b561d2e6351567,f561d2e6351a1e,g561d2e6351a71,h561d2e6351ac8,i561d2e6351b1f,j561d2e6351b75
a561d2e6351f24,c561d2e6351f7b,d561d2e6351fd2,e561d2e6352028,b561d2e6351bcc,f561d2e635207e,g561d2e63520d6,h561d2e635212c,i561d2e6352183,j561d2e63521da
