a561d2e627f020,b561d2e627efd2,c561d2e627f076,d561d2e627f0cc,e561d2e627f124,f561d2e627f17a,g561d2e627f1d1,h561d2e627f227,i561d2e627f275,j561d2e627f2cb
a561d2e627f68a,b561d2e627f632,c561d2e627f6e0,d561d2e627f71f,e561d2e627f775,f561d2e627f7d1,g561d2e627f823,h561d2e627f8ae,i561d2e627f8fb,j561d2e627f948
a561d2e627fca4,b561d2e627fc52,c561d2e627fcfa,d561d2e627fd50,e561d2e627fda7,f561d2e627fdfe,g561d2e627fe4c,h561d2e627fea6,i561d2e627fefe,j561d2e627ff54
a561d2e62802da,b561d2e6280284,c561d2e6280331,d561d2e6280381,e561d2e62803d5,f561d2e6280422,g561d2e6280561,h561d2e62805b4,i561d2e6280607,j561d2e628065b
a561d2e62809eb,b561d2e628099a,c561d2e6280a47,d561d2e6280a9d,e561d2e6280aeb,f561d2e6280b3b,g561d2e6280b8d,h561d2e6280be4,i561d2e6280c33,j561d2e6280c87
a561d2e6281008,b561d2e6280fb8,c561d2e628105e,d561d2e62810b5,e561d2e6281104,f561d2e6281158,g561d2e62811af,h561d2e62811fd,i561d2e628124c,j561d2e628129b
a561d2e628162f,b561d2e62815dc,c561d2e6281685,d561d2e62816d7,e561d2e628172b,f561d2e6281780,g561d2e62817f7,h561d2e628184d,i561d2e62818a3,j561d2e62818fc
a561d2e6281cae,b561d2e6281c56,c561d2e6281cf7,d561d2e6281d47,e561d2e6281da7,f561d2e6281df8,g561d2e6281e50,h561d2e6281ea7,i561d2e6281efd,j561d2e6281f54
a561d2e6282317,b561d2e62822c1,c561d2e628236e,d561d2e62823bc,e561d2e6282411,f561d2e6282467,g561d2e62824b5,h561d2e628250b,i561d2e6282561,j561d2e62825b8
a561d2e6282920,b561d2e62828c9,c561d2e6282976,d561d2e62829c4,e561d2e6282a19,f561d2e6282a70,g561d2e6282ac7,h561d2e6282b1d,i561d2e6282b6b,j561d2e6282bc0
a561d2e6282f71,b561d2e6282f23,c561d2e6282fc5,d561d2e628301c,e561d2e6283072,f561d2e62830ca,g561d2e6283122,h561d2e6283177,i561d2e62831ce,j561d2e6283224
a561d2e62835cf,b561d2e6283572,c561d2e6283623,d561d2e6283678,e561d2e62836cf,f561d2e6283724,g561d2e628377a,h561d2e62837d1,i561d2e6283827,j561d2e628387f
a561d2e6283c1a,b561d2e6283bdb,c561d2e6283c6a,d561d2e6283cc0,e561d2e6283d18,f561d2e6283d6d,g561d2e6283dc5,h561d2e6283e1b,i561d2e6283e69,j561d2e6283ebf
a561d2e6284273,b561d2e628421c,c561d2e62842ca,d561d2e6284320,e561d2e628436e,f561d2e62843c3,g561d2e6284419,h561d2e6284467,i561d2e62844bc,j561d2e628451d
a561d2e62848c8,b561d2e6284872,c561d2e628491e,d561d2e6284975,e561d2e62849d2,f561d2e6284a27,g561d2e6284a69,h561d2e6284aba,i561d2e6284b09,j561d2e6284b5e
a561d2e6284f0d,b561d2e6284eb6,c561d2e6284f64,d561d2e6284fba,e561d2e6285011,f561d2e6285068,g561d2e62850bd,h561d2e6285114,i561d2e628516b,j561d2e62851c2
a561d2e6285567,b561d2e6285510,c561d2e62855bd,d561d2e628560d,e561d2e6285660,f561d2e62856ae,g561d2e6285704,h561d2e628575a,i561d2e62857a8,j561d2e62857fd
a561d2e6285bbb,b561d2e6285b65,c561d2e6285bfd,d561d2e6285c4b,e561d2e6285ca9,f561d2e6285cfc,g561d2e6285d55,h561d2e6285dbe,i561d2e6285e15,j561d2e6285e6c
a561d2e6286211,b561d2e62861c4,c561d2e6286271,d561d2e62862c7,e561d2e6286317,f561d2e6286371,g561d2e62863c9,h561d2e628641d,i561d2e628646b,j561d2e62864c0
a561d2e6286866,b561d2e6286818,c561d2e62868bb,d561d2e6286909,e561d2e628695f,f561d2e62869b5,g561d2e6286a03,h561d2e6286a58,i561d2e6286aaf,j561d2e6286b06
a561d2e6286eaf,b561d2e6286e59,c561d2e6286f06,d561d2e6286f63,e561d2e6286fb6,f561d2e628700c,g561d2e6287063,h561d2e62870b7,i561d2e628710a,j561d2e6287171
a561d2e6287528,b561d2e62874d1,c561d2e6287581,d561d2e62875d6,e561d2e628762c,f561d2e628768d,g561d2e62876e3,h561d2e628773a,i561d2e6287790,j561d2e62877e7
a561d2e6287b96,b561d2e6287b40,c561d2e6287bed,d561d2e6287c3b,e561d2e6287c8f,f561d2e6287ce7,g561d2e6287d3d,h561d2e6287d94,i561d2e6287de2,j561d2e6287e37
a561d2e62881ec,b561d2e628819f,c561d2e6288241,d561d2e628828f,e561d2e62882e4,f561d2e628833b,g561d2e6288392,h561d2e62883e9,i561d2e628843f,j561d2e6288497
a561d2e6288845,b561d2e62887ee,c561d2e628889c,d561d2e62888f7,e561d2e6288945,f561d2e628899b,g561d2e62889f1,h561d2e6288a48,i561d2e6288aa9,j561d2e6288b01
a561d2e6288eb4,b561d2e6288e67,c561d2e6288f09,d561d2e6288f6b,e561d2e6288fc1,f561d2e628900f,g561d2e6289064,h561d2e62890bb,i561d2e6289112,j561d2e6289169
a561d2e6289517,b561d2e62894c3,c561d2e628956e,d561d2e62895bb,e561d2e6289611,f561d2e6289667,g561d2e62896b6,h561d2e6289710,i561d2e6289769,j561d2e62897c2
a561d2e6289b7b,b561d2e6289b24,c561d2e6289bd1,d561d2e6289c28,e561d2e6289c76,f561d2e6289ccb,g561d2e6289d12,h561d2e6289d60,i561d2e6289db5,j561d2e6289e0d
a561d2e628a193,b561d2e628a13c,c561d2e628a1e9,d561d2e628a223,e561d2e628a272,f561d2e628a2ca,g561d2e628a32c,h561d2e628a381,i561d2e628a3d8,j561d2e628a431
a561d2e628a7de,b561d2e628a781,c561d2e628a834,d561d2e628a882,e561d2e628a8d7,f561d2e628a92e,g561d2e628a985,h561d2e628a9db,i561d2e628aa28,j561d2e628aa7e
a561d2e628ae37,b561d2e628ade0,c561d2e628ae8e,d561d2e628aee4,e561d2e628af31,f561d2e628af88,g561d2e628afde,h561d2e628b02c,i561d2e628b081,j561d2e628b0d9
a561d2e628b48d,b561d2e628b43f,c561d2e628b4e2,d561d2e628b530,e561d2e628b585,f561d2e628b5dd,g561d2e628b632,h561d2e628b680,i561d2e628b6d6,j561d2e628b736
a561d2e628bad2,b561d2e628ba85,c561d2e628bb28,d561d2e628bb7e,e561d2e628bbe0,f561d2e628bc2d,g561d2e628bc82,h561d2e628bcda,i561d2e628bd27,j561d2e628bd7c
a561d2e628c130,b561d2e628c0da,c561d2e628c187,d561d2e628c1d4,e561d2e628c22a,f561d2e628c281,g561d2e628c2d7,h561d2e628c325,i561d2e628c37d,j561d2e628c3cd
a561d2e628c780,b561d2e628c72a,c561d2e628c7d7,d561d2e628c82e,e561d2e628c884,f561d2e628c8d2,g561d2e628c927,h561d2e628c97e,i561d2e628c9cc,j561d2e628ca2b
a561d2e628cde9,b561d2e628cd95,c561d2e628ce3f,d561d2e628ce96,e561d2e628cef2,f561d2e628cf49,g561d2e628cf9f,h561d2e628cfed,i561d2e628d042,j561d2e628d099
a561d2e628d439,b561d2e628d3ec,c561d2e628d48f,d561d2e628d4e5,e561d2e628d53c,f561d2e628d593,g561d2e628d5e1,h561d2e628d637,i561d2e628d68c,j561d2e628d6e4
a561d2e628da8f,b561d2e628da41,c561d2e628dae4,d561d2e628db3a,e561d2e628db88,f561d2e628dbde,g561d2e628dc34,h561d2e628dc8b,i561d2e628dcd9,j561d2e628dd2f
a561d2e628e0f6,b561d2e628e0a0,c561d2e628e14d,d561d2e628e19b,e561d2e628e1f0,f561d2e628e247,g561d2e628e29e,h561d2e628e308,i561d2e628e35a,j561d2e628e3b1
a561d2e628e763,b561d2e628e70a,c561d2e628e7bd,d561d2e628e811,e561d2e628e868,f561d2e628e8bf,g561d2e628e915,h561d2e628e964,i561d2e628e9b9,j561d2e628ea10
a561d2e628edc8,b561d2e628ed73,c561d2e628ee1f,d561d2e628ee6e,e561d2e628eec3,f561d2e628ef19,g561d2e628ef6f,h561d2e628efc7,i561d2e628f01d,j561d2e628f073
a561d2e628f422,b561d2e628f3cc,c561d2e628f479,d561d2e628f4d0,e561d2e628f526,f561d2e628f574,g561d2e628f5ca,h561d2e628f620,i561d2e628f677,j561d2e628f6cd
a561d2e628fa77,b561d2e628fa20,c561d2e628fad9,d561d2e628fb30,e561d2e628fb85,f561d2e628fbe2,g561d2e628fc38,h561d2e628fc8f,i561d2e628fcdd,j561d2e628fd32
a561d2e62900e6,b561d2e629008a,c561d2e6290143,d561d2e6290199,e561d2e62901f2,f561d2e62902df,g561d2e629032a,h561d2e6290382,i561d2e6290406,j561d2e6290457
a561d2e62908ae,b561d2e6290859,c561d2e6290906,d561d2e629095c,e561d2e62909aa,f561d2e62909ff,g561d2e6290a55,h561d2e6290aa3,i561d2e6290af9,j561d2e6290b4f
a561d2e6290f03,b561d2e6290ead,c561d2e6290f5a,d561d2e6290fb0,e561d2e6291008,f561d2e629105e,g561d2e62910b5,h561d2e629110b,i561d2e6291167,j561d2e62911c0
a561d2e6291568,b561d2e629151b,c561d2e62915be,d561d2e629161f,e561d2e6291675,f561d2e62916c3,g561d2e6291719,h561d2e629176f,i561d2e62917bd,j561d2e6291813
a561d2e6291bcb,b561d2e6291b75,c561d2e6291c22,d561d2e6291c79,e561d2e6291cc7,f561d2e6291d1c,g561d2e6291d72,h561d2e6291dc9,i561d2e6291e20,j561d2e6291e76
a561d2e6292265,b561d2e6292211,c561d2e62922ba,d561d2e6292311,e561d2e6292366,f561d2e62923b4,g561d2e6292409,h561d2e6292460,i561d2e62924ae,j561d2e6292504
a561d2e62928c2,b561d2e6292866,c561d2e629291e,d561d2e6292973,e561d2e62929c2,f561d2e6292a17,g561d2e6292a78,h561d2e6292ace,i561d2e6292b1c,j561d2e6292b72
a561d2e6292f21,b561d2e6292ec9,c561d2e6292f81,d561d2e6292fd8,e561d2e629302e,f561d2e629307c,g561d2e62930d4,h561d2e6293128,i561d2e6293176,j561d2e62931cb
a561d2e629357f,b561d2e6293529,c561d2e62935d9,d561d2e6293629,e561d2e629367e,f561d2e62936d5,g561d2e629372b,h561d2e6293782,i561d2e62937d9,j561d2e6293830
a561d2e6293bea,b561d2e6293b94,c561d2e6293c3f,d561d2e6293c8d,e561d2e6293ce2,f561d2e6293d39,g561d2e6293d90,h561d2e6293de6,i561d2e6293e3d,j561d2e6293e9e
a561d2e6294249,b561d2e62941fb,c561d2e629429f,d561d2e62942f5,e561d2e6294351,f561d2e62943a7,g561d2e62943fe,h561d2e6294454,i561d2e62944a2,j561d2e62944f8
a561d2e62948b1,b561d2e629485b,c561d2e6294907,d561d2e629495e,e561d2e62949b5,f561d2e6294a0c,g561d2e6294a62,h561d2e6294ab0,i561d2e6294b05,j561d2e6294b5c
a561d2e6294f0f,b561d2e6294eba,c561d2e6294f66,d561d2e6294fb4,e561d2e6295015,f561d2e6295070,g561d2e62950c7,h561d2e629511d,i561d2e6295173,j561d2e62951ca
a561d2e629556e,b561d2e6295518,c561d2e62955c5,d561d2e6295613,e561d2e6295668,f561d2e62956be,g561d2e6295715,h561d2e629576e,i561d2e62957c2,j561d2e629581a
a561d2e6295bbf,b561d2e6295b71,c561d2e6295c14,d561d2e6295c71,e561d2e6295cbe,f561d2e6295d13,g561d2e6295d75,h561d2e6295dd1,i561d2e6295e1e,j561d2e6295e72
a561d2e629623c,b561d2e62961e4,c561d2e6296292,d561d2e62962e0,e561d2e6296336,f561d2e629638c,g561d2e62963da,h561d2e629642f,i561d2e6296486,j561d2e62964dc
a561d2e6296882,b561d2e6296835,c561d2e62968d8,d561d2e629692e,e561d2e629697c,f561d2e62969d1,g561d2e6296a28,h561d2e6296a76,i561d2e6296acc,j561d2e6296b22
a561d2e6296ed1,b561d2e6296e7a,c561d2e6296f28,d561d2e6296f77,e561d2e6296fca,f561d2e6297027,g561d2e6297078,h561d2e62970c5,i561d2e629711b,j561d2e6297172
a561d2e6297530,b561d2e62974d4,c561d2e6297586,d561d2e62975d4,e561d2e629762a,f561d2e6297680,g561d2e62976ce,h561d2e6297724,i561d2e629777a,j561d2e62977d4
a561d2e6297b8f,b561d2e6297b38,c561d2e6297be5,d561d2e6297c3c,e561d2e6297c92,f561d2e6297ce9,g561d2e6297d37,h561d2e6297d8c,i561d2e6297de2,j561d2e6297e3a
a561d2e62981ea,b561d2e629819c,c561d2e629823f,d561d2e6298296,e561d2e62982ed,f561d2e6298343,g561d2e629839a,h561d2e62983e8,i561d2e6298443,j561d2e6298499
a561d2e629884d,b561d2e62987f6,c561d2e62988a4,d561d2e62988fa,e561d2e6298956,f561d2e62989ad,g561d2e6298a03,h561d2e6298a5a,i561d2e6298ab0,j561d2e6298b07
a561d2e6298ee9,b561d2e6298e95,c561d2e6298f3f,d561d2e6298f8d,e561d2e6298fe2,f561d2e6299039,g561d2e6299087,h561d2e62990e1,i561d2e629912f,j561d2e6299185
a561d2e6299534,b561d2e62994dd,c561d2e6299594,d561d2e62995e3,e561d2e6299637,f561d2e6299686,g561d2e62996db,h561d2e6299731,i561d2e6299788,j561d2e62997df
a561d2e6299b93,b561d2e6299b46,c561d2e6299be9,d561d2e6299c40,e561d2e6299c96,f561d2e6299ced,g561d2e6299d44,h561d2e6299d9a,i561d2e6299df1,j561d2e6299e4b
a561d2e629a1e2,b561d2e629a196,c561d2e629a239,d561d2e629a28f,e561d2e629a2f3,f561d2e629a347,g561d2e629a39e,h561d2e629a3f4,i561d2e629a44a,j561d2e629a4a1
a561d2e629a85b,b561d2e629a80e,c561d2e629a8b1,d561d2e629a907,e561d2e629a95e,f561d2e629a9b6,g561d2e629aa0b,h561d2e629aa62,i561d2e629aab0,j561d2e629ab05
a561d2e629ae7c,b561d2e629ae1f,c561d2e629aed3,d561d2e629af2a,e561d2e629af77,f561d2e629afcc,g561d2e629b023,h561d2e629b07a,i561d2e629b0d1,j561d2e629b127
a561d2e629b4e5,b561d2e629b490,c561d2e629b53c,d561d2e629b593,e561d2e629b5e9,f561d2e629b637,g561d2e629b68d,h561d2e629b6e3,i561d2e629b73a,j561d2e629b790
a561d2e629bb54,b561d2e629bafd,c561d2e629bbaa,d561d2e629bc01,e561d2e629bc58,f561d2e629bcae,g561d2e629bd05,h561d2e629bd5c,i561d2e629bdc7,j561d2e629be1d
a561d2e629c1c2,b561d2e629c16b,c561d2e629c218,d561d2e629c275,e561d2e629c2ca,f561d2e629c318,g561d2e629c36f,h561d2e629c3c5,i561d2e629c412,j561d2e629c468
a561d2e629c803,b561d2e629c7b6,c561d2e629c859,d561d2e629c8b0,e561d2e629c906,f561d2e629c95d,g561d2e629c9b3,h561d2e629ca01,i561d2e629ca57,j561d2e629caae
a561d2e629ce62,b561d2e629ce15,c561d2e629ceb8,d561d2e629cf0e,e561d2e629cf65,f561d2e629cfbc,g561d2e629d012,h561d2e629d060,i561d2e629d0b6,j561d2e629d10c
a561d2e629d4ba,b561d2e629d45f,c561d2e629d511,d561d2e629d569,e561d2e629d5bf,f561d2e629d616,g561d2e629d66c,h561d2e629d6d3,i561d2e629d729,j561d2e629d77f
a561d2e629db25,b561d2e629dacd,c561d2e629db85,d561d2e629dbdb,e561d2e629dc31,f561d2e629dc89,g561d2e629dce2,h561d2e629dd36,i561d2e629dd84,j561d2e629ddd9
a561d2e629e192,b561d2e629e13c,c561d2e629e1e9,d561d2e629e240,e561d2e629e2a6,f561d2e629e2f7,g561d2e629e345,h561d2e629e39a,i561d2e629e3f1,j561d2e629e45c
a561d2e629e807,b561d2e629e7b9,c561d2e629e85c,d561d2e629e8aa,e561d2e629e8ff,f561d2e629e956,g561d2e629e9a4,h561d2e629e9f9,i561d2e629ea4f,j561d2e629eab2
a561d2e629ee6b,b561d2e629ee11,c561d2e629eec5,d561d2e629ef1c,e561d2e629ef78,f561d2e629efcf,g561d2e629f01c,h561d2e629f071,i561d2e629f0c8,j561d2e629f11f
a561d2e629f4e7,b561d2e629f491,c561d2e629f53f,d561d2e629f594,e561d2e629f5e2,f561d2e629f638,g561d2e629f68e,h561d2e629f6dc,i561d2e629f731,j561d2e629f789
a561d2e629fb3d,b561d2e629faf0,c561d2e629fb92,d561d2e629fbf5,e561d2e629fc4f,f561d2e629fc9e,g561d2e629fcf4,h561d2e629fd49,i561d2e629fd97,j561d2e629fdec
a561d2e62a01a5,b561d2e62a014f,c561d2e62a01fc,d561d2e62a024a,e561d2e62a029e,f561d2e62a02f6,g561d2e62a034c,h561d2e62a03ad,i561d2e62a0404,j561d2e62a045a
a561d2e62a080b,b561d2e62a07bd,c561d2e62a086b,d561d2e62a08c1,e561d2e62a0918,f561d2e62a096e,g561d2e62a09bc,h561d2e62a0a11,i561d2e62a0a68,j561d2e62a0abf
a561d2e62a0e6d,b561d2e62a0e16,c561d2e62a0ec6,d561d2e62a0f1c,e561d2e62a0f71,f561d2e62a0fc9,g561d2e62a1026,h561d2e62a107f,i561d2e62a10d6,j561d2e62a112d
a561d2e62a14d6,b561d2e62a1480,c561d2e62a152d,d561d2e62a158b,e561d2e62a15e1,f561d2e62a1636,g561d2e62a168d,h561d2e62a16e3,i561d2e62a173a,j561d2e62a1791
a561d2e62a1b42,b561d2e62a1ae9,c561d2e62a1b9b,d561d2e62a1bf2,e561d2e62a1c49,f561d2e62a1ca5,g561d2e62a1cfb,h561d2e62a1d52,i561d2e62a1da9,j561d2e62a1dff
a561d2e62a21a9,b561d2e62a214d,c561d2e62a21ff,d561d2e62a2256,e561d2e62a22ac,f561d2e62a22fa,g561d2e62a2350,h561d2e62a23bf,i561d2e62a2414,j561d2e62a2464
a561d2e62a2822,b561d2e62a27d4,c561d2e62a2877,d561d2e62a28ce,e561d2e62a2925,f561d2e62a2973,g561d2e62a29c8,h561d2e62a2a1f,i561d2e62a2a6c,j561d2e62a2ac2
a561d2e62a2e72,b561d2e62a2e24,c561d2e62a2ec7,d561d2e62a2f15,e561d2e62a2f6a,f561d2e62a2fc1,g561d2e62a300f,h561d2e62a3064,i561d2e62a30bc,j561d2e62a3111
a561d2e62a34d0,b561d2e62a3479,c561d2e62a3526,d561d2e62a3584,e561d2e62a35da,f561d2e62a362f,g561d2e62a3686,h561d2e62a36dd,i561d2e62a372a,j561d2e62a3780
a561d2e62a3b3d,b561d2e62a3ae8,c561d2e62a3b94,d561d2e62a3beb,e561d2e62a3c42,f561d2e62a3c99,g561d2e62a3cf6,h561d2e62a3d4b,i561d2e62a3da2,j561d2e62a3df8
a561d2e62a41bb,b561d2e62a4165,c561d2e62a4212,d561d2e62a4260,e561d2e62a42b5,f561d2e62a430c,g561d2e62a4363,h561d2e62a43b0,i561d2e62a4406,j561d2e62a445c
a561d2e62a480c,b561d2e62a47bf,c561d2e62a4862,d561d2e62a48b9,e561d2e62a48f8,f561d2e62a4be0,g561d2e62a4c43,h561d2e62a4c95,i561d2e62a4cec,j561d2e62a4d42
a561d2e62a50fc,b561d2e62a50a5,c561d2e62a5158,d561d2e62a51a5,e561d2e62a51f9,f561d2e62a5248,g561d2e62a529d,h561d2e62a52f3,i561d2e62a534b,j561d2e62a53a1
a561d2e62a5751,b561d2e62a56fa,c561d2e62a57a7,d561d2e62a57fe,e561d2e62a5855,f561d2e62a58aa,g561d2e62a58f8,h561d2e62a594e,i561d2e62a59ac,j561d2e62a5a06
a561d2e62a5dbf,b561d2e62a5d72,c561d2e62a5e15,d561d2e62a5e63,e561d2e62a5eb8,f561d2e62a5f0f,g561d2e62a5f66,h561d2e62a5fbc,i561d2e62a6013,j561d2e62a606b
a561d2e62a6405,b561d2e62a63b8,c561d2e62a645f,d561d2e62a64d4,e561d2e62a6530,f561d2e62a6587,g561d2e62a65de,h561d2e62a664d,i561d2e62a66a0,j561d2e62a66f6
a561d2e62a6ab6,b561d2e62a6a68,c561d2e62a6b0b,d561d2e62a6b59,e561d2e62a6bae,f561d2e62a6c05,g561d2e62a6c5c,h561d2e62a6cb2,i561d2e62a6d00,j561d2e62a6d55
a561d2e62a70ff,b561d2e62a70a9,c561d2e62a7156,d561d2e62a71a3,e561d2e62a71f9,f561d2e62a724f,g561d2e62a729d,h561d2e62a72f3,i561d2e62a734b,j561d2e62a739d
a561d2e62a774b,b561d2e62a76fd,c561d2e62a77a0,d561d2e62a77f7,e561d2e62a784d,f561d2e62a78a4,g561d2e62a78fe,h561d2e62a795c,i561d2e62a79a9,j561d2e62a79ff
a561d2e62a7db8,b561d2e62a7d62,c561d2e62a7e10,d561d2e62a7e65,e561d2e62a7ebc,f561d2e62a7f09,g561d2e62a7f5f,h561d2e62a7fb6,i561d2e62a800c,j561d2e62a8063
a561d2e62a841c,b561d2e62a83c6,c561d2e62a8472,d561d2e62a84cf,e561d2e62a8526,f561d2e62a857d,g561d2e62a85d2,h561d2e62a8629,i561d2e62a8677,j561d2e62a86cc
a561d2e62a8a9a,b561d2e62a8a43,c561d2e62a8af0,d561d2e62a8b47,e561d2e62a8b9d,f561d2e62a8bf7,g561d2e62a8c51,h561d2e62a8ca7,i561d2e62a8cfd,j561d2e62a8d54
a561d2e62a9114,b561d2e62a90be,c561d2e62a916e,d561d2e62a91c6,e561d2e62a9220,f561d2e62a9278,g561d2e62a92ce,h561d2e62a9324,i561d2e62a9371,j561d2e62a93c7
a561d2e62a977b,b561d2e62a971f,c561d2e62a97d2,d561d2e62a9834,e561d2e62a9889,f561d2e62a98df,g561d2e62a9936,h561d2e62a998d,i561d2e62a99e4,j561d2e62a9a3b
a561d2e62a9e07,b561d2e62a9db2,c561d2e62a9e5f,d561d2e62a9eb6,e561d2e62a9f0c,f561d2e62a9f59,g561d2e62a9faf,h561d2e62aa006,i561d2e62aa05c,j561d2e62aa0b3
a561d2e62aa46d,b561d2e62aa420,c561d2e62aa4c2,d561d2e62aa510,e561d2e62aa565,f561d2e62aa5bc,g561d2e62aa5fc,h561d2e62aa649,i561d2e62aa6a7,j561d2e62aa6fe
a561d2e62aaada,b561d2e62aaa84,c561d2e62aab31,d561d2e62aab8d,e561d2e62aabe3,f561d2e62aac39,g561d2e62aac90,h561d2e62aace7,i561d2e62aad3e,j561d2e62aad94
a561d2e62ab152,b561d2e62ab0fc,c561d2e62ab1a9,d561d2e62ab200,e561d2e62ab257,f561d2e62ab2ad,g561d2e62ab304,h561d2e62ab357,i561d2e62ab3ac,j561d2e62ab403
a561d2e62ab7c9,b561d2e62ab776,c561d2e62ab817,d561d2e62ab867,e561d2e62ab8b9,f561d2e62ab90f,g561d2e62ab95e,h561d2e62ab9b2,i561d2e62aba00,j561d2e62aba55
a561d2e62abdf6,b561d2e62abda3,c561d2e62abe4c,d561d2e62abe9d,e561d2e62abeef,f561d2e62abf40,g561d2e62abf9c,h561d2e62abff1,i561d2e62ac045,j561d2e62ac09b
a561d2e62ac436,b561d2e62ac3e4,c561d2e62ac496,d561d2e62ac4ed,e561d2e62ac543,f561d2e62ac59a,g561d2e62ac5e8,h561d2e62ac638,i561d2e62ac689,j561d2e62ac6e0
a561d2e62aca6d,b561d2e62aca16,c561d2e62acac4,d561d2e62acb12,e561d2e62acb67,f561d2e62acbbd,g561d2e62acc0c,h561d2e62acc61,i561d2e62accb7,j561d2e62acd0e
a561d2e62ad0b9,b561d2e62ad06c,c561d2e62ad10e,d561d2e62ad15c,e561d2e62ad1b1,f561d2e62ad208,g561d2e62ad25f,h561d2e62ad2b6,i561d2e62ad303,j561d2e62ad35e
a561d2e62ad70c,b561d2e62ad6b8,c561d2e62ad763,d561d2e62ad7b1,e561d2e62ad80b,f561d2e62ad859,g561d2e62ad8ae,h561d2e62ad905,i561d2e62ad95c,j561d2e62ad9b3
a561d2e62add40,b561d2e62adcf2,c561d2e62add94,d561d2e62addeb,e561d2e62ade42,f561d2e62ade99,g561d2e62adeef,h561d2e62adf45,i561d2e62adf9c,j561d2e62adff3
a561d2e62ae394,b561d2e62ae346,c561d2e62ae3e9,d561d2e62ae440,e561d2e62ae496,f561d2e62ae4e4,g561d2e62ae53a,h561d2e62ae590,i561d2e62ae5dd,j561d2e62ae634
a561d2e62ae9ed,b561d2e62ae9a0,c561d2e62aea47,d561d2e62aeaa1,e561d2e62aeaf6,f561d2e62aeb4c,g561d2e62aeb9a,h561d2e62aebf4,i561d2e62aec4b,j561d2e62aeca2
a561d2e62af050,b561d2e62aeffa,c561d2e62af0a7,d561d2e62af103,e561d2e62af150,f561d2e62af1a5,g561d2e62af1fc,h561d2e62af24b,i561d2e62af29f,j561d2e62af2f6
a561d2e62af6a5,b561d2e62af64e,c561d2e62af6fc,d561d2e62af749,e561d2e62af79f,f561d2e62af7f5,g561d2e62af84c,h561d2e62af8a3,i561d2e62af8fa,j561d2e62af950
a561d2e62afd09,b561d2e62afcb3,c561d2e62afd60,d561d2e62afdae,e561d2e62afe03,f561d2e62afe5a,g561d2e62afeb1,h561d2e62aff07,i561d2e62aff5e,j561d2e62affb5
a561d2e62b035a,b561d2e62b030c,c561d2e62b03af,d561d2e62b03fd,e561d2e62b0452,f561d2e62b04a9,g561d2e62b0505,h561d2e62b055c,i561d2e62b05b4,j561d2e62b0609
a561d2e62b09b3,b561d2e62b0957,c561d2e62b0a0a,d561d2e62b0a57,e561d2e62b0aad,f561d2e62b0b03,g561d2e62b0b51,h561d2e62b0ba6,i561d2e62b0bfd,j561d2e62b0c54
a561d2e62b1002,b561d2e62b0fac,c561d2e62b1059,d561d2e62b10b0,e561d2e62b1107,f561d2e62b115d,g561d2e62b11b4,h561d2e62b120d,i561d2e62b1263,j561d2e62b12bd
a561d2e62b1666,b561d2e62b1610,c561d2e62b16bd,d561d2e62b170b,e561d2e62b1760,f561d2e62b17b7,g561d2e62b1805,h561d2e62b185a,i561d2e62b18b0,j561d2e62b1918
a561d2e62b1cbb,b561d2e62b1c64,c561d2e62b1d11,d561d2e62b1d6e,e561d2e62b1dbb,f561d2e62b1e10,g561d2e62b1e67,h561d2e62b1eb5,i561d2e62b1f0b,j561d2e62b1f61
a561d2e62b2311,b561d2e62b22c3,c561d2e62b2366,d561d2e62b23b4,e561d2e62b240a,f561d2e62b2460,g561d2e62b24b7,h561d2e62b24d3,i561d2e62b251c,j561d2e62b2574
a561d2e62b292d,b561d2e62b28d9,c561d2e62b29bd,d561d2e62b2a12,e561d2e62b2a69,f561d2e62b2abf,g561d2e62b2b16,h561d2e62b2b63,i561d2e62b2bb9,j561d2e62b2c10
a561d2e62b2fbe,b561d2e62b2f67,c561d2e62b3015,d561d2e62b3063,e561d2e62b30b8,f561d2e62b310e,g561d2e62b3166,h561d2e62b31bc,i561d2e62b320a,j561d2e62b325f
a561d2e62b3610,b561d2e62b35c2,c561d2e62b366c,d561d2e62b36c1,e561d2e62b3717,f561d2e62b3765,g561d2e62b37ba,h561d2e62b3810,i561d2e62b385f,j561d2e62b38b4
a561d2e62b3c5a,b561d2e62b3c0d,c561d2e62b3cb0,d561d2e62b3d06,e561d2e62b3d54,f561d2e62b3dae,g561d2e62b3e05,h561d2e62b3e5c,i561d2e62b3eb2,j561d2e62b3f09
a561d2e62b42bc,b561d2e62b4261,c561d2e62b4313,d561d2e62b436a,e561d2e62b43c1,f561d2e62b4411,g561d2e62b4463,h561d2e62b44ba,i561d2e62b4511,j561d2e62b4567
a561d2e62b4912,b561d2e62b48ba,c561d2e62b4968,d561d2e62b49b6,e561d2e62b4a0b,f561d2e62b4a61,g561d2e62b4ab0,h561d2e62b4b05,i561d2e62b4b5b,j561d2e62b4bb2
a561d2e62b4f75,b561d2e62b4f1f,c561d2e62b4fcc,d561d2e62b5023,e561d2e62b507a,f561d2e62b50d0,g561d2e62b5120,h561d2e62b5174,i561d2e62b51d4,j561d2e62b522b
a561d2e62b55d1,b561d2e62b5583,c561d2e62b5626,d561d2e62b5682,e561d2e62b56d9,f561d2e62b5726,g561d2e62b577b,h561d2e62b57d2,i561d2e62b5820,j561d2e62b5875
a561d2e62b5c24,b561d2e62b5bcd,c561d2e62b5c7a,d561d2e62b5cd2,e561d2e62b5d28,f561d2e62b5d7f,g561d2e62b5dcd,h561d2e62b5e21,i561d2e62b5e78,j561d2e62b5ed0
a561d2e62b6274,b561d2e62b621e,c561d2e62b62cb,d561d2e62b6318,e561d2e62b6370,f561d2e62b63c4,g561d2e62b641a,h561d2e62b6469,i561d2e62b64be,j561d2e62b6515
a561d2e62b68ba,b561d2e62b6863,c561d2e62b690f,d561d2e62b694f,e561d2e62b699e,f561d2e62b69ec,g561d2e62b6a46,h561d2e62b6aaf,i561d2e62b6b03,j561d2e62b6b5a
a561d2e62b6ef1,b561d2e62b6ea3,c561d2e62b6f51,d561d2e62b6fa7,e561d2e62b6ffd,f561d2e62b704b,g561d2e62b70a0,h561d2e62b70f7,i561d2e62b7147,j561d2e62b71a0
a561d2e62b7555,b561d2e62b7507,c561d2e62b75aa,d561d2e62b7601,e561d2e62b7657,f561d2e62b76a6,g561d2e62b76fa,h561d2e62b7751,i561d2e62b77a8,j561d2e62b77ff
a561d2e62b7bae,b561d2e62b7b58,c561d2e62b7c04,d561d2e62b7c5b,e561d2e62b7ca9,f561d2e62b7cfd,g561d2e62b7d54,h561d2e62b7da8,i561d2e62b7dfd,j561d2e62b7e59
a561d2e62b8202,b561d2e62b81ad,c561d2e62b8258,d561d2e62b82b2,e561d2e62b8310,f561d2e62b8367,g561d2e62b83bd,h561d2e62b840b,i561d2e62b8461,j561d2e62b84b7
a561d2e62b885b,b561d2e62b8807,c561d2e62b88b3,d561d2e62b8907,e561d2e62b895d,f561d2e62b89b2,g561d2e62b89ff,h561d2e62b8a54,i561d2e62b8aab,j561d2e62b8b02
a561d2e62b8ea8,b561d2e62b8e5a,c561d2e62b8efd,d561d2e62b8f54,e561d2e62b8fab,f561d2e62b8ff8,g561d2e62b904e,h561d2e62b90a4,i561d2e62b90f2,j561d2e62b9147
a561d2e62b94ed,b561d2e62b94a0,c561d2e62b9543,d561d2e62b959a,e561d2e62b95f0,f561d2e62b963e,g561d2e62b9693,h561d2e62b96eb,i561d2e62b9740,j561d2e62b979c
a561d2e62b9b4b,b561d2e62b9af4,c561d2e62b9ba4,d561d2e62b9bf8,e561d2e62b9c4e,f561d2e62b9c9d,g561d2e62b9cf3,h561d2e62b9d48,i561d2e62b9d97,j561d2e62b9dec
a561d2e62ba192,b561d2e62ba144,c561d2e62ba1e9,d561d2e62ba23e,e561d2e62ba294,f561d2e62ba2eb,g561d2e62ba341,h561d2e62ba398,i561d2e62ba3ef,j561d2e62ba446
a561d2e62ba7f1,b561d2e62ba7a3,c561d2e62ba846,d561d2e62ba894,e561d2e62ba8e9,f561d2e62ba940,g561d2e62ba98e,h561d2e62ba9e3,i561d2e62baa50,j561d2e62baaa5
a561d2e62bae13,b561d2e62badc5,c561d2e62bae67,d561d2e62baebe,e561d2e62baf15,f561d2e62baf71,g561d2e62bafc7,h561d2e62bb01e,i561d2e62bb075,j561d2e62bb0ce
a561d2e62bb471,b561d2e62bb415,c561d2e62bb4c7,d561d2e62bb514,e561d2e62bb56a,f561d2e62bb5c0,g561d2e62bb617,h561d2e62bb66e,i561d2e62bb6c4,j561d2e62bb71b
a561d2e62bbacf,b561d2e62bba78,c561d2e62bbb25,d561d2e62bbb7d,e561d2e62bbbd3,f561d2e62bbc20,g561d2e62bbc76,h561d2e62bbccd,i561d2e62bbd1b,j561d2e62bbd6f
a561d2e62bc12b,b561d2e62bc0d2,c561d2e62bc17b,d561d2e62bc1d1,e561d2e62bc228,f561d2e62bc27e,g561d2e62bc2cc,h561d2e62bc321,i561d2e62bc383,j561d2e62bc3d9
a561d2e62bc777,b561d2e62bc727,c561d2e62bc7ca,d561d2e62bc821,e561d2e62bc87d,f561d2e62bc8d3,g561d2e62bc92a,h561d2e62bc980,i561d2e62bc9ce,j561d2e62bca24
a561d2e62bcdcd,b561d2e62bcd7b,c561d2e62bce24,d561d2e62bce72,e561d2e62bcec7,f561d2e62bcf1d,g561d2e62bcf6b,h561d2e62bcfc1,i561d2e62bd017,j561d2e62bd06e
a561d2e62bd40f,b561d2e62bd3c1,c561d2e62bd465,d561d2e62bd4bb,e561d2e62bd512,f561d2e62bd55f,g561d2e62bd5b5,h561d2e62bd60c,i561d2e62bd662,j561d2e62bd6b9
a561d2e62bda73,b561d2e62bda25,c561d2e62bdac8,d561d2e62bdb16,e561d2e62bdb6c,f561d2e62bdbc2,g561d2e62bdc1e,h561d2e62bdc74,i561d2e62bdcc2,j561d2e62bdd17
a561d2e62be0bd,b561d2e62be068,c561d2e62be114,d561d2e62be169,e561d2e62be1c0,f561d2e62be217,g561d2e62be265,h561d2e62be2ba,i561d2e62be311,j561d2e62be367
a561d2e62be706,b561d2e62be6b0,c561d2e62be763,d561d2e62be7ba,e561d2e62be811,f561d2e62be866,g561d2e62be8bd,h561d2e62be914,i561d2e62be962,j561d2e62be9b7
a561d2e62bed94,b561d2e62bed42,c561d2e62bedeb,d561d2e62bee41,e561d2e62bee98,f561d2e62beef0,g561d2e62bef46,h561d2e62bef9b,i561d2e62beff2,j561d2e62bf04e
a561d2e62bf3e9,b561d2e62bf39c,c561d2e62bf43f,d561d2e62bf496,e561d2e62bf4e3,f561d2e62bf53e,g561d2e62bf595,h561d2e62bf5e2,i561d2e62bf637,j561d2e62bf68e
a561d2e62bfa48,b561d2e62bf9f3,c561d2e62bfa9d,d561d2e62bfaf5,e561d2e62bfb4b,f561d2e62bfb99,g561d2e62bfbef,h561d2e62bfc45,i561d2e62bfc93,j561d2e62bfce8
a561d2e62c009c,b561d2e62c0049,c561d2e62c00f3,d561d2e62c0149,e561d2e62c01a0,f561d2e62c01ee,g561d2e62c0243,h561d2e62c0299,i561d2e62c02f1,j561d2e62c0347
a561d2e62c06f1,b561d2e62c069a,c561d2e62c0747,d561d2e62c079f,e561d2e62c07f5,f561d2e62c084c,g561d2e62c08a2,h561d2e62c08f0,i561d2e62c094a,j561d2e62c09a1
a561d2e62c0d3c,b561d2e62c0cef,c561d2e62c0d91,d561d2e62c0dee,e561d2e62c0e44,f561d2e62c0e9b,g561d2e62c0ef1,h561d2e62c0f42,i561d2e62c0f94,j561d2e62c0feb
a561d2e62c138c,b561d2e62c1339,c561d2e62c13e2,d561d2e62c1438,e561d2e62c148f,f561d2e62c14e5,g561d2e62c153d,h561d2e62c1593,i561d2e62c15e1,j561d2e62c1636
a561d2e62c19d7,b561d2e62c1989,c561d2e62c1a2c,d561d2e62c1a82,e561d2e62c1ada,f561d2e62c1b30,g561d2e62c1b7e,h561d2e62c1bd3,i561d2e62c1c29,j561d2e62c1c80
a561d2e62c2026,b561d2e62c1fd9,c561d2e62c207c,d561d2e62c20c9,e561d2e62c211f,f561d2e62c2176,g561d2e62c21d5,h561d2e62c2224,i561d2e62c22b0,j561d2e62c2300
a561d2e62c26a9,b561d2e62c2652,c561d2e62c26fe,d561d2e62c2756,e561d2e62c27b1,f561d2e62c280b,g561d2e62c285f,h561d2e62c28b5,i561d2e62c2902,j561d2e62c2959
a561d2e62c2ce4,b561d2e62c2c97,c561d2e62c2d3a,d561d2e62c2d88,e561d2e62c2ddd,f561d2e62c2e47,g561d2e62c2ea1,h561d2e62c2ef5,i561d2e62c2f43,j561d2e62c2f99
a561d2e62c334d,b561d2e62c32f5,c561d2e62c33a3,d561d2e62c33f1,e561d2e62c3446,f561d2e62c349d,g561d2e62c34f3,h561d2e62c3541,i561d2e62c3597,j561d2e62c35f7
a561d2e62c39a3,b561d2e62c3955,c561d2e62c39f8,d561d2e62c3a45,e561d2e62c3aa0,f561d2e62c3aee,g561d2e62c3b43,h561d2e62c3b90,i561d2e62c3be6,j561d2e62c3c3d
a561d2e62c3ff2,b561d2e62c3fa5,c561d2e62c4047,d561d2e62c4095,e561d2e62c40ea,f561d2e62c4141,g561d2e62c4197,h561d2e62c41e5,i561d2e62c423b,j561d2e62c4292
a561d2e62c4631,b561d2e62c45da,c561d2e62c4687,d561d2e62c46d6,e561d2e62c472b,f561d2e62c4782,g561d2e62c47d9,h561d2e62c482f,i561d2e62c4885,j561d2e62c48e1
a561d2e62c4c82,b561d2e62c4c34,c561d2e62c4cd7,d561d2e62c4d2e,e561d2e62c4d85,f561d2e62c4dde,g561d2e62c4e32,h561d2e62c4e8e,i561d2e62c4edb,j561d2e62c4f31
a561d2e62c52e5,b561d2e62c528f,c561d2e62c534f,d561d2e62c53a1,e561d2e62c53ef,f561d2e62c5444,g561d2e62c549b,h561d2e62c54e9,i561d2e62c553e,j561d2e62c5596
a561d2e62c594a,b561d2e62c58f2,c561d2e62c599f,d561d2e62c59f7,e561d2e62c5a4d,f561d2e62c5aa4,g561d2e62c5afa,h561d2e62c5b4e,i561d2e62c5ba2,j561d2e62c5bf9
a561d2e62c5fb4,b561d2e62c5f66,c561d2e62c6008,d561d2e62c6056,e561d2e62c60ac,f561d2e62c6102,g561d2e62c6150,h561d2e62c61a6,i561d2e62c61fc,j561d2e62c625c
a561d2e62c661b,b561d2e62c65c6,c561d2e62c6672,d561d2e62c66c0,e561d2e62c6715,f561d2e62c676d,g561d2e62c67c2,h561d2e62c6818,i561d2e62c6867,j561d2e62c68bc
a561d2e62c6c6b,b561d2e62c6c14,c561d2e62c6cc1,d561d2e62c6d12,e561d2e62c6d64,f561d2e62c6da4,g561d2e62c6df2,h561d2e62c6e4a,i561d2e62c6ea1,j561d2e62c6ef7
a561d2e62c72ac,b561d2e62c725f,c561d2e62c7302,d561d2e62c7350,e561d2e62c73a5,f561d2e62c73fc,g561d2e62c7449,h561d2e62c749f,i561d2e62c74f5,j561d2e62c754c
a561d2e62c7905,b561d2e62c78ae,c561d2e62c795c,d561d2e62c79a9,e561d2e62c79ff,f561d2e62c7a55,g561d2e62c7aac,h561d2e62c7b08,i561d2e62c7b55,j561d2e62c7bab
a561d2e62c7f50,b561d2e62c7efa,c561d2e62c7fa6,d561d2e62c8002,e561d2e62c8059,f561d2e62c80a7,g561d2e62c80fc,h561d2e62c8153,i561d2e62c81a0,j561d2e62c81f6
a561d2e62c85b0,b561d2e62c854d,c561d2e62c85dc,d561d2e62c862e,e561d2e62c8685,f561d2e62c86d3,g561d2e62c8728,h561d2e62c877e,i561d2e62c87d5,j561d2e62c882b
a561d2e62c8bd2,b561d2e62c8b84,c561d2e62c8c33,d561d2e62c8c87,e561d2e62c8ce2,f561d2e62c8d33,g561d2e62c8d87,h561d2e62c8dde,i561d2e62c8e33,j561d2e62c8e8b
a561d2e62c9240,b561d2e62c91e8,c561d2e62c9296,d561d2e62c92ec,e561d2e62c9343,f561d2e62c9399,g561d2e62c93f6,h561d2e62c944c,i561d2e62c9499,j561d2e62c94ef
a561d2e62c98a5,b561d2e62c9847,c561d2e62c98f9,d561d2e62c9947,e561d2e62c999f,f561d2e62c99f0,g561d2e62c9a45,h561d2e62c9a9b,i561d2e62c9ae9,j561d2e62c9b3f
a561d2e62c9ee1,b561d2e62c9e92,c561d2e62c9f35,d561d2e62c9f8d,e561d2e62c9fe2,f561d2e62ca030,g561d2e62ca085,h561d2e62ca0dc,i561d2e62ca133,j561d2e62ca18a
a561d2e62ca551,b561d2e62ca4fc,c561d2e62ca5a8,d561d2e62ca5ff,e561d2e62ca64c,f561d2e62ca6a2,g561d2e62ca6f8,h561d2e62ca746,i561d2e62ca79b,j561d2e62ca7fc
a561d2e62caba4,b561d2e62cab4a,c561d2e62cabf4,d561d2e62cac4a,e561d2e62caca2,f561d2e62cacf6,g561d2e62cad36,h561d2e62cad95,i561d2e62cadea,j561d2e62cae42
a561d2e62cb1f7,b561d2e62cb1a9,c561d2e62cb24c,d561d2e62cb2a3,e561d2e62cb2f1,f561d2e62cb346,g561d2e62cb39c,h561d2e62cb3ea,i561d2e62cb44a,j561d2e62cb49d
a561d2e62cb846,b561d2e62cb7ee,c561d2e62cb89b,d561d2e62cb8e9,e561d2e62cb93e,f561d2e62cb995,g561d2e62cb9e3,h561d2e62cba38,i561d2e62cba86,j561d2e62cbadc
a561d2e62cbe90,b561d2e62cbe39,c561d2e62cbee9,d561d2e62cbf3d,e561d2e62cbf94,f561d2e62cbfe2,g561d2e62cc037,h561d2e62cc08f,i561d2e62cc0e4,j561d2e62cc13b
a561d2e62cc4df,b561d2e62cc489,c561d2e62cc540,d561d2e62cc58e,e561d2e62cc5e4,f561d2e62cc63a,g561d2e62cc66a,h561d2e62cc6a4,i561d2e62cc6df,j561d2e62cc729
a561d2e62ccacc,b561d2e62cca73,c561d2e62ccb1c,d561d2e62ccb72,e561d2e62ccbc8,f561d2e62ccc16,g561d2e62ccc6c,h561d2e62cccc1,i561d2e62ccd0f,j561d2e62ccd65
a561d2e62cd10f,b561d2e62cd0b8,c561d2e62cd165,d561d2e62cd1bc,e561d2e62cd213,f561d2e62cd261,g561d2e62cd2b7,h561d2e62cd30c,i561d2e62cd364,j561d2e62cd3c4
a561d2e62cd760,b561d2e62cd712,c561d2e62cd7b4,d561d2e62cd80c,e561d2e62cd862,f561d2e62cd8bf,g561d2e62cd914,h561d2e62cd96b,i561d2e62cd9c1,j561d2e62cda19
a561d2e62cddc7,b561d2e62cdd77,c561d2e62cde1e,d561d2e62cde6c,e561d2e62cdec6,f561d2e62cdf1d,g561d2e62cdf6b,h561d2e62cdfc1,i561d2e62ce017,j561d2e62ce06d
a561d2e62ce40e,b561d2e62ce3c1,c561d2e62ce463,d561d2e62ce4ba,e561d2e62ce508,f561d2e62ce55d,g561d2e62ce5b4,h561d2e62ce601,i561d2e62ce657,j561d2e62ce6ae
a561d2e62cea4e,b561d2e62ce9f9,c561d2e62ceaa4,d561d2e62ceaf2,e561d2e62ceb47,f561d2e62ceb9e,g561d2e62cebec,h561d2e62cec41,i561d2e62cec9a,j561d2e62cecee
a561d2e62cf09e,b561d2e62cf047,c561d2e62cf0f4,d561d2e62cf152,e561d2e62cf1a9,f561d2e62cf1fc,g561d2e62cf257,h561d2e62cf2af,i561d2e62cf306,j561d2e62cf35d
a561d2e62cf701,b561d2e62cf6aa,c561d2e62cf757,d561d2e62cf7ae,e561d2e62cf805,f561d2e62cf85b,g561d2e62cf8a9,h561d2e62cf8ff,i561d2e62cf955,j561d2e62cf9af
a561d2e62cfd57,b561d2e62cfd0a,c561d2e62cfdac,d561d2e62cfe03,e561d2e62cfe51,f561d2e62cfea6,g561d2e62cfefd,h561d2e62cff4b,i561d2e62cff9f,j561d2e62cfff7
a561d2e62d03a6,b561d2e62d0352,c561d2e62d03fc,d561d2e62d044a,e561d2e62d04a0,f561d2e62d04f6,g561d2e62d0552,h561d2e62d05a8,i561d2e62d05ff,j561d2e62d0656
a561d2e62d09f5,b561d2e62d09a0,c561d2e62d0a56,d561d2e62d0aad,e561d2e62d0b03,f561d2e62d0b5a,g561d2e62d0ba8,h561d2e62d0bfd,i561d2e62d0c54,j561d2e62d0caa
a561d2e62d1055,b561d2e62d1008,c561d2e62d10ab,d561d2e62d1101,e561d2e62d114f,f561d2e62d11a4,g561d2e62d11fb,h561d2e62d1249,i561d2e62d129e,j561d2e62d12f5
a561d2e62d16ae,b561d2e62d165a,c561d2e62d1704,d561d2e62d1752,e561d2e62d17a7,f561d2e62d17fe,g561d2e62d184c,h561d2e62d18a2,i561d2e62d18fb,j561d2e62d1959
a561d2e62d1cff,b561d2e62d1cb1,c561d2e62d1d54,d561d2e62d1da2,e561d2e62d1dfc,f561d2e62d1e53,g561d2e62d1eaa,h561d2e62d1f0b,i561d2e62d1f61,j561d2e62d1fb8
a561d2e62d2368,b561d2e62d231b,c561d2e62d23bd,d561d2e62d240b,e561d2e62d2460,f561d2e62d24b7,g561d2e62d250e,h561d2e62d2564,i561d2e62d25b2,j561d2e62d2607
a561d2e62d29c7,b561d2e62d297a,c561d2e62d2a1c,d561d2e62d2a73,e561d2e62d2acd,f561d2e62d2b1d,g561d2e62d2b72,h561d2e62d2bc8,i561d2e62d2c16,j561d2e62d2c6b
a561d2e62d301f,b561d2e62d2fc9,c561d2e62d3076,d561d2e62d30cd,e561d2e62d3129,f561d2e62d3180,g561d2e62d31d6,h561d2e62d3232,i561d2e62d3280,j561d2e62d32d5
a561d2e62d3671,b561d2e62d3623,c561d2e62d36cb,d561d2e62d3722,e561d2e62d3778,f561d2e62d37c6,g561d2e62d381f,h561d2e62d3877,i561d2e62d38ce,j561d2e62d3924
a561d2e62d3cd8,b561d2e62d3c82,c561d2e62d3d2f,d561d2e62d3d7f,e561d2e62d3dd1,f561d2e62d3e2a,g561d2e62d3e7f,h561d2e62d3ed7,i561d2e62d3f2d,j561d2e62d3f83
a561d2e62d432d,b561d2e62d42d7,c561d2e62d4384,d561d2e62d43da,e561d2e62d4431,f561d2e62d4488,g561d2e62d44de,h561d2e62d452c,i561d2e62d4582,j561d2e62d45e3
a561d2e62d4999,b561d2e62d493b,c561d2e62d49f2,d561d2e62d4a49,e561d2e62d4aa0,f561d2e62d4afc,g561d2e62d4b52,h561d2e62d4ba9,i561d2e62d4bff,j561d2e62d4c56
a561d2e62d4fff,b561d2e62d4faf,c561d2e62d5056,d561d2e62d50a4,e561d2e62d50f9,f561d2e62d514f,g561d2e62d519d,h561d2e62d51f3,i561d2e62d524c,j561d2e62d52a6
a561d2e62d5655,b561d2e62d5608,c561d2e62d56ab,d561d2e62d5701,e561d2e62d5752,f561d2e62d57a4,g561d2e62d57f2,h561d2e62d5848,i561d2e62d589e,j561d2e62d58f5
a561d2e62d5ca5,b561d2e62d5c58,c561d2e62d5cfa,d561d2e62d5d52,e561d2e62d5da8,f561d2e62d5dff,g561d2e62d5e4c,h561d2e62d5ea2,i561d2e62d5f02,j561d2e62d5f59
a561d2e62d62f5,b561d2e62d62a7,c561d2e62d634a,d561d2e62d63a6,e561d2e62d63fd,f561d2e62d6453,g561d2e62d64a1,h561d2e62d64fb,i561d2e62d6554,j561d2e62d65ae
a561d2e62d6963,b561d2e62d6915,c561d2e62d69b8,d561d2e62d6a16,e561d2e62d6a67,f561d2e62d6abc,g561d2e62d6b13,h561d2e62d6b6a,i561d2e62d6bc0,j561d2e62d6c17
a561d2e62d6fc6,b561d2e62d6f6f,c561d2e62d701d,d561d2e62d7074,e561d2e62d70ca,f561d2e62d7120,g561d2e62d716e,h561d2e62d71c4,i561d2e62d721b,j561d2e62d7271
a561d2e62d7625,b561d2e62d75ce,c561d2e62d767c,d561d2e62d76da,e561d2e62d772c,f561d2e62d777d,g561d2e62d77d9,h561d2e62d782f,i561d2e62d7881,j561d2e62d78d0
a561d2e62d7c63,b561d2e62d7c11,c561d2e62d7cbf,d561d2e62d7d10,e561d2e62d7d62,f561d2e62d7db3,g561d2e62d7e05,h561d2e62d7e56,i561d2e62d7ea8,j561d2e62d7ef7
a561d2e62d8285,b561d2e62d8233,c561d2e62d82d3,d561d2e62d8323,e561d2e62d8379,f561d2e62d83cf,g561d2e62d8426,h561d2e62d847d,i561d2e62d84d1,j561d2e62d8527
a561d2e62d88e2,b561d2e62d8894,c561d2e62d8937,d561d2e62d898e,e561d2e62d89e4,f561d2e62d8a3c,g561d2e62d8a92,h561d2e62d8ae0,i561d2e62d8b35,j561d2e62d8b96
a561d2e62d8f32,b561d2e62d8ee4,c561d2e62d8f86,d561d2e62d8fde,e561d2e62d9045,f561d2e62d9094,g561d2e62d90ec,h561d2e62d9142,i561d2e62d9199,j561d2e62d91ef
a561d2e62d959f,b561d2e62d9547,c561d2e62d95f7,d561d2e62d964c,e561d2e62d96a3,f561d2e62d96f9,g561d2e62d9750,h561d2e62d97a6,i561d2e62d97f4,j561d2e62d9849
a561d2e62d9bf9,b561d2e62d9ba1,c561d2e62d9c4f,d561d2e62d9ca6,e561d2e62d9cfc,f561d2e62d9d4a,g561d2e62d9da0,h561d2e62d9df6,i561d2e62d9e44,j561d2e62d9e99
a561d2e62da25c,b561d2e62da206,c561d2e62da2b3,d561d2e62da30a,e561d2e62da360,f561d2e62da3b7,g561d2e62da40e,h561d2e62da46a,i561d2e62da4c0,j561d2e62da517
a561d2e62da8bd,b561d2e62da86f,c561d2e62da91c,d561d2e62da96a,e561d2e62da9bf,f561d2e62daa16,g561d2e62daa6d,h561d2e62daac3,i561d2e62dab1a,j561d2e62dab71
a561d2e62daf20,b561d2e62daec9,c561d2e62daf76,d561d2e62dafcd,e561d2e62db023,f561d2e62db071,g561d2e62db0c7,h561d2e62db11d,i561d2e62db174,j561d2e62db1ca
a561d2e62db57f,b561d2e62db528,c561d2e62db5d5,d561d2e62db623,e561d2e62db679,f561d2e62db6cf,g561d2e62db71d,h561d2e62db772,i561d2e62db7c9,j561d2e62db821
a561d2e62dbbc5,b561d2e62dbb78,c561d2e62dbc1b,d561d2e62dbc71,e561d2e62dbcc8,f561d2e62dbd23,g561d2e62dbd7a,h561d2e62dbdd0,i561d2e62dbe2d,j561d2e62dbe81
a561d2e62dc238,b561d2e62dc1e1,c561d2e62dc28e,d561d2e62dc2e5,e561d2e62dc33b,f561d2e62dc389,g561d2e62dc3de,h561d2e62dc435,i561d2e62dc48b,j561d2e62dc4e4
a561d2e62dc88f,b561d2e62dc840,c561d2e62dc8e3,d561d2e62dc939,e561d2e62dc986,f561d2e62dc9dd,g561d2e62dca33,h561d2e62dca8a,i561d2e62dcae0,j561d2e62dcb37
a561d2e62dcee6,b561d2e62dce8f,c561d2e62dcf3c,d561d2e62dcf8a,e561d2e62dcfdf,f561d2e62dd036,g561d2e62dd084,h561d2e62dd0da,i561d2e62dd132,j561d2e62dd186
a561d2e62dd528,b561d2e62dd4da,c561d2e62dd57d,d561d2e62dd5da,e561d2e62dd62f,f561d2e62dd67d,g561d2e62dd6d2,h561d2e62dd729,i561d2e62dd780,j561d2e62dd7d6
a561d2e62ddb85,b561d2e62ddb2e,c561d2e62ddbdc,d561d2e62ddc2f,e561d2e62ddc86,f561d2e62ddcdb,g561d2e62ddd31,h561d2e62ddd89,i561d2e62dddd6,j561d2e62dde37
a561d2e62de1db,b561d2e62de18d,c561d2e62de230,d561d2e62de287,e561d2e62de2d6,f561d2e62de32b,g561d2e62de382,h561d2e62de3d7,i561d2e62de3f4,j561d2e62de443
a561d2e62de806,b561d2e62de7af,c561d2e62de85c,d561d2e62de8b4,e561d2e62de90a,f561d2e62de958,g561d2e62de9b2,h561d2e62de9ff,i561d2e62dea55,j561d2e62deaab
a561d2e62dee47,b561d2e62dedfa,c561d2e62deea7,d561d2e62deef5,e561d2e62def4b,f561d2e62defa0,g561d2e62defff,h561d2e62df04f,i561d2e62df0a5,j561d2e62df0fb
a561d2e62df4ab,b561d2e62df455,c561d2e62df501,d561d2e62df54f,e561d2e62df5aa,f561d2e62df600,g561d2e62df656,h561d2e62df6ad,i561d2e62df703,j561d2e62df75a
a561d2e62dfb0c,b561d2e62dfab8,c561d2e62dfb60,d561d2e62dfbb6,e561d2e62dfc0d,f561d2e62dfc64,g561d2e62dfcbb,h561d2e62dfd11,i561d2e62dfd68,j561d2e62dfdc9
a561d2e62e0164,b561d2e62e0117,c561d2e62e01ba,d561d2e62e0211,e561d2e62e026c,f561d2e62e02c3,g561d2e62e0319,h561d2e62e037a,i561d2e62e03d7,j561d2e62e0433
a561d2e62e07f6,b561d2e62e079f,c561d2e62e084c,d561d2e62e08a3,e561d2e62e08f8,f561d2e62e0950,g561d2e62e09a6,h561d2e62e09f4,i561d2e62e0a4a,j561d2e62e0aa0
a561d2e62e0e46,b561d2e62e0df8,c561d2e62e0e9b,d561d2e62e0ee9,e561d2e62e0f3f,f561d2e62e0f95,g561d2e62e0fe3,h561d2e62e1038,i561d2e62e108f,j561d2e62e10e6
a561d2e62e1477,b561d2e62e142a,c561d2e62e14cc,d561d2e62e151a,e561d2e62e156f,f561d2e62e15c6,g561d2e62e1614,h561d2e62e166f,i561d2e62e16bb,j561d2e62e1712
a561d2e62e1ad6,b561d2e62e1a73,c561d2e62e1b33,d561d2e62e1b87,e561d2e62e1bdd,f561d2e62e1c2b,g561d2e62e1c81,h561d2e62e1cd7,i561d2e62e1d25,j561d2e62e1d7b
a561d2e62e2124,b561d2e62e20cd,c561d2e62e217a,d561d2e62e21d2,e561d2e62e2228,f561d2e62e2282,g561d2e62e22d6,h561d2e62e2323,i561d2e62e2379,j561d2e62e23cf
a561d2e62e277a,b561d2e62e272d,c561d2e62e27d0,d561d2e62e2827,e561d2e62e287d,f561d2e62e28cb,g561d2e62e2921,h561d2e62e2977,i561d2e62e29ce,j561d2e62e2a2e
a561d2e62e2dde,b561d2e62e2d86,c561d2e62e2e33,d561d2e62e2e8b,e561d2e62e2ee1,f561d2e62e2f3d,g561d2e62e2f8b,h561d2e62e2fe0,i561d2e62e3037,j561d2e62e308d
a561d2e62e343c,b561d2e62e33e6,c561d2e62e3493,d561d2e62e34e1,e561d2e62e3536,f561d2e62e3591,g561d2e62e35ef,h561d2e62e3644,i561d2e62e3693,j561d2e62e36e7
a561d2e62e3a7d,b561d2e62e3a30,c561d2e62e3ad3,d561d2e62e3b2a,e561d2e62e3b78,f561d2e62e3bcd,g561d2e62e3c23,h561d2e62e3c71,i561d2e62e3cc6,j561d2e62e3d1e
a561d2e62e40af,b561d2e62e4061,c561d2e62e4105,d561d2e62e415b,e561d2e62e41b1,f561d2e62e4204,g561d2e62e425a,h561d2e62e42b1,i561d2e62e4311,j561d2e62e4368
a561d2e62e4717,b561d2e62e46c0,c561d2e62e476d,d561d2e62e47c9,e561d2e62e4820,f561d2e62e486d,g561d2e62e48c2,h561d2e62e4910,i561d2e62e4967,j561d2e62e49bd
a561d2e62e4d61,b561d2e62e4d0a,c561d2e62e4db8,d561d2e62e4e0e,e561d2e62e4e65,f561d2e62e4ebc,g561d2e62e4f0a,h561d2e62e4f60,i561d2e62e4fb5,j561d2e62e500c
a561d2e62e541c,b561d2e62e53cb,c561d2e62e5473,d561d2e62e54c0,e561d2e62e5515,f561d2e62e5564,g561d2e62e55b9,h561d2e62e5610,i561d2e62e5666,j561d2e62e56bd
a561d2e62e5a71,b561d2e62e5a1b,c561d2e62e5ac7,d561d2e62e5b1e,e561d2e62e5b75,f561d2e62e5bcc,g561d2e62e5c28,h561d2e62e5c7d,i561d2e62e5ccb,j561d2e62e5d21
a561d2e62e60c6,b561d2e62e606f,c561d2e62e6129,d561d2e62e617c,e561d2e62e61d4,f561d2e62e622a,g561d2e62e6281,h561d2e62e62d8,i561d2e62e632e,j561d2e62e6385
a561d2e62e6726,b561d2e62e66d8,c561d2e62e677b,d561d2e62e67d2,e561d2e62e681f,f561d2e62e6875,g561d2e62e68cb,h561d2e62e6919,i561d2e62e696f,j561d2e62e69c5
a561d2e62e6d70,b561d2e62e6d22,c561d2e62e6dc5,d561d2e62e6e13,e561d2e62e6e68,f561d2e62e6ebf,g561d2e62e6f0d,h561d2e62e6f62,i561d2e62e6fb9,j561d2e62e7011
a561d2e62e73bf,b561d2e62e7368,c561d2e62e7415,d561d2e62e7463,e561d2e62e74be,f561d2e62e7514,g561d2e62e756a,h561d2e62e75b8,i561d2e62e760e,j561d2e62e766a
a561d2e62e7a2d,b561d2e62e79d6,c561d2e62e7a84,d561d2e62e7ae2,e561d2e62e7b33,f561d2e62e7b8a,g561d2e62e7bde,h561d2e62e7c2c,i561d2e62e7c81,j561d2e62e7cd8
a561d2e62e808c,b561d2e62e8038,c561d2e62e80e2,d561d2e62e8130,e561d2e62e8186,f561d2e62e81dc,g561d2e62e822c,h561d2e62e8280,i561d2e62e82d7,j561d2e62e832d
a561d2e62e86dc,b561d2e62e8685,c561d2e62e8732,d561d2e62e8780,e561d2e62e87d5,f561d2e62e882b,g561d2e62e887a,h561d2e62e88d5,i561d2e62e892b,j561d2e62e8981
a561d2e62e8d31,b561d2e62e8cda,c561d2e62e8d88,d561d2e62e8ddd,e561d2e62e8e35,f561d2e62e8e8b,g561d2e62e8ed8,h561d2e62e8f2e,i561d2e62e8f85,j561d2e62e8fde
a561d2e62e938a,b561d2e62e9334,c561d2e62e93e1,d561d2e62e942e,e561d2e62e9484,f561d2e62e94da,g561d2e62e9528,h561d2e62e957e,i561d2e62e95d5,j561d2e62e962b
a561d2e62e99db,b561d2e62e998d,c561d2e62e9a30,d561d2e62e9a88,e561d2e62e9ade,f561d2e62e9b35,g561d2e62e9b8b,h561d2e62e9bd9,i561d2e62e9c2e,j561d2e62e9c90
a561d2e62ea043,b561d2e62e9fed,c561d2e62ea099,d561d2e62ea0f1,e561d2e62ea147,f561d2e62ea1a9,g561d2e62ea1fe,h561d2e62ea24c,i561d2e62ea2a1,j561d2e62ea2f9
a561d2e62ea6a0,b561d2e62ea651,c561d2e62ea6f9,d561d2e62ea74f,e561d2e62ea7a6,f561d2e62ea7fc,g561d2e62ea854,h561d2e62ea8aa,i561d2e62ea900,j561d2e62ea957
a561d2e62ead10,b561d2e62eacba,c561d2e62ead66,d561d2e62eadb5,e561d2e62eae0a,f561d2e62eae60,g561d2e62eaeae,h561d2e62eaf10,i561d2e62eaf64,j561d2e62eafb2
a561d2e62eb360,b561d2e62eb30b,c561d2e62eb3b7,d561d2e62eb40d,e561d2e62eb45b,f561d2e62eb4b0,g561d2e62eb507,h561d2e62eb560,i561d2e62eb5b9,j561d2e62eb60f
a561d2e62eb9c4,b561d2e62eb96d,c561d2e62eba1b,d561d2e62eba76,e561d2e62ebacd,f561d2e62ebb24,g561d2e62ebb7a,h561d2e62ebbc7,i561d2e62ebc1e,j561d2e62ebc74
a561d2e62ec019,b561d2e62ebfc2,c561d2e62ec06f,d561d2e62ec0bd,e561d2e62ec112,f561d2e62ec168,g561d2e62ec1b7,h561d2e62ec20b,i561d2e62ec263,j561d2e62ec2b9
a561d2e62ec65f,b561d2e62ec612,c561d2e62ec6b4,d561d2e62ec70c,e561d2e62ec762,f561d2e62ec7b0,g561d2e62ec805,h561d2e62ec85c,i561d2e62ec8aa,j561d2e62ec8ff
a561d2e62eccdc,b561d2e62ecc84,c561d2e62ecd32,d561d2e62ecd80,e561d2e62ecdd5,f561d2e62ece2c,g561d2e62ece52,h561d2e62ece9c,i561d2e62ecef2,j561d2e62ecf49
a561d2e62ed2f0,b561d2e62ed2a2,c561d2e62ed34f,d561d2e62ed3a5,e561d2e62ed3fc,f561d2e62ed44b,g561d2e62ed4a0,h561d2e62ed4f6,i561d2e62ed54d,j561d2e62ed5a4
a561d2e62ed93f,b561d2e62ed8f1,c561d2e62ed995,d561d2e62ed9e2,e561d2e62eda37,f561d2e62eda85,g561d2e62edadb,h561d2e62edb31,i561d2e62edb7f,j561d2e62edbd4
a561d2e62edf7f,b561d2e62edf31,c561d2e62edfd5,d561d2e62ee02b,e561d2e62ee079,f561d2e62ee0cf,g561d2e62ee124,h561d2e62ee17c,i561d2e62ee1d3,j561d2e62ee22b
a561d2e62ee5c5,b561d2e62ee578,c561d2e62ee61b,d561d2e62ee671,e561d2e62ee6ce,f561d2e62ee72e,g561d2e62ee784,h561d2e62ee7d3,i561d2e62ee827,j561d2e62ee87e
a561d2e62eec2d,b561d2e62eebd7,c561d2e62eec83,d561d2e62eecd1,e561d2e62eed27,f561d2e62eed7d,g561d2e62eede4,h561d2e62eee39,i561d2e62eee88,j561d2e62eeedd
a561d2e62ef292,b561d2e62ef247,c561d2e62ef2e7,d561d2e62ef33e,e561d2e62ef395,f561d2e62ef3eb,g561d2e62ef442,h561d2e62ef499,i561d2e62ef4ef,j561d2e62ef546
a561d2e62ef904,b561d2e62ef8ad,c561d2e62ef95b,d561d2e62ef9b1,e561d2e62ef9ff,f561d2e62efa68,g561d2e62efac0,h561d2e62efb17,i561d2e62efb6d,j561d2e62efbc4
a561d2e62eff26,b561d2e62efecf,c561d2e62eff83,d561d2e62effd2,e561d2e62f002a,f561d2e62f0080,g561d2e62f00d7,h561d2e62f012e,i561d2e62f017b,j561d2e62f01d1
a561d2e62f057c,b561d2e62f052f,c561d2e62f05d1,d561d2e62f061f,e561d2e62f0675,f561d2e62f06cb,g561d2e62f0719,h561d2e62f076e,i561d2e62f07c5,j561d2e62f081c
a561d2e62f0bbd,b561d2e62f0b6f,c561d2e62f0c12,d561d2e62f0c68,e561d2e62f0cb6,f561d2e62f0cc9,g561d2e62f0d16,h561d2e62f0d6c,i561d2e62f0dba,j561d2e62f0e1a
a561d2e62f11b5,b561d2e62f1168,c561d2e62f120b,d561d2e62f1258,e561d2e62f12ae,f561d2e62f130e,g561d2e62f1365,h561d2e62f13b3,i561d2e62f1408,j561d2e62f145f
a561d2e62f1821,b561d2e62f17cc,c561d2e62f1879,d561d2e62f18c7,e561d2e62f191c,f561d2e62f1973,g561d2e62f19d1,h561d2e62f1a21,i561d2e62f1a6e,j561d2e62f1ac3
a561d2e62f1e73,b561d2e62f1e26,c561d2e62f1ec9,d561d2e62f1f16,e561d2e62f1f6c,f561d2e62f1fc3,g561d2e62f2019,h561d2e62f2067,i561d2e62f20bc,j561d2e62f2113
a561d2e62f24c2,b561d2e62f246b,c561d2e62f2519,d561d2e62f256e,e561d2e62f25c6,f561d2e62f261c,g561d2e62f266a,h561d2e62f26c0,i561d2e62f2718,j561d2e62f276c
a561d2e62f2b12,b561d2e62f2aba,c561d2e62f2b68,d561d2e62f2bc1,e561d2e62f2c17,f561d2e62f2c6c,g561d2e62f2cb9,h561d2e62f2d1a,i561d2e62f2d72,j561d2e62f2dc6
a561d2e62f3180,b561d2e62f3128,c561d2e62f31d6,d561d2e62f3224,e561d2e62f327a,f561d2e62f32d0,g561d2e62f3327,h561d2e62f3375,i561d2e62f33ca,j561d2e62f3420
a561d2e62f37d0,b561d2e62f3779,c561d2e62f3826,d561d2e62f3873,e561d2e62f38c9,f561d2e62f391f,g561d2e62f3976,h561d2e62f39c3,i561d2e62f3a10,j561d2e62f3a66
a561d2e62f3e29,b561d2e62f3dd2,c561d2e62f3e80,d561d2e62f3ed6,e561d2e62f3f2d,f561d2e62f3f84,g561d2e62f3fe0,h561d2e62f402d,i561d2e62f4081,j561d2e62f40da
a561d2e630024d,b561d2e63001f6,c561d2e63002ae,d561d2e6300304,e561d2e630035b,f561d2e63003bc,g561d2e6300414,h561d2e6300469,i561d2e63004c1,j561d2e6300517
a561d2e63008d5,b561d2e630087e,c561d2e630092e,d561d2e6300982,e561d2e63009d9,f561d2e6300a30,g561d2e6300a86,h561d2e6300add,i561d2e6300b33,j561d2e6300b8a
a561d2e6300f3a,b561d2e6300eec,c561d2e6300f90,d561d2e6300fe7,e561d2e630103d,f561d2e630109e,g561d2e63010e4,h561d2e6301136,i561d2e6301184,j561d2e63011df
a561d2e6301598,b561d2e6301541,c561d2e63015ee,d561d2e6301645,e561d2e63016a6,f561d2e63016fc,g561d2e6301753,h561d2e63017a1,i561d2e63017fa,j561d2e6301854
a561d2e6301c11,b561d2e6301bbb,c561d2e6301c67,d561d2e6301cb5,e561d2e6301d0a,f561d2e6301d61,g561d2e6301db8,h561d2e6301e0f,i561d2e6301e64,j561d2e6301ebc
a561d2e6302274,b561d2e630221e,c561d2e63022cb,d561d2e6302321,e561d2e6302378,f561d2e63023cf,g561d2e6302426,h561d2e630247c,i561d2e63024d3,j561d2e630252a
a561d2e6302902,b561d2e63028ab,c561d2e6302957,d561d2e63029af,e561d2e6302a05,f561d2e6302a53,g561d2e6302aa8,h561d2e6302b00,i561d2e6302b56,j561d2e6302bac
a561d2e6302f6a,b561d2e6302f14,c561d2e6302fcb,d561d2e6303022,e561d2e6303079,f561d2e63030cf,g561d2e630311c,h561d2e6303172,i561d2e63031c8,j561d2e6303220
a561d2e63035c5,b561d2e6303578,c561d2e630361b,d561d2e6303671,e561d2e63036c8,f561d2e6303716,g561d2e630376c,h561d2e63037c2,i561d2e630381d,j561d2e630386b
a561d2e6303c14,b561d2e6303bbd,c561d2e6303c6a,d561d2e6303cc1,e561d2e6303d18,f561d2e6303d6e,g561d2e6303dbc,h561d2e6303e11,i561d2e6303e68,j561d2e6303ec1
a561d2e630426f,b561d2e6304221,c561d2e63042c4,d561d2e630431b,e561d2e6304372,f561d2e63043ca,g561d2e630441f,h561d2e6304475,i561d2e63044cc,j561d2e6304523
a561d2e63048eb,b561d2e6304896,c561d2e6304942,d561d2e630498f,e561d2e63049e5,f561d2e6304a3b,g561d2e6304a92,h561d2e6304ae9,i561d2e6304b40,j561d2e6304b96
a561d2e6304f59,b561d2e6304f03,c561d2e6304fb0,d561d2e6305007,e561d2e630505e,f561d2e63050b4,g561d2e630510b,h561d2e6305161,i561d2e63051af,j561d2e6305205
a561d2e63055b5,b561d2e6305567,c561d2e630560a,d561d2e630564a,e561d2e6305697,f561d2e63056ef,g561d2e6305740,h561d2e6305792,i561d2e63057f4,j561d2e6305849
a561d2e6305c03,b561d2e6305bac,c561d2e6305c5a,d561d2e6305cbb,e561d2e6305d11,f561d2e6305d68,g561d2e6305dbf,h561d2e6305e15,i561d2e6305e6c,j561d2e6305ec2
a561d2e6306285,b561d2e630622f,c561d2e63062dc,d561d2e630632a,e561d2e630637f,f561d2e63063d6,g561d2e630642d,h561d2e6306483,i561d2e63064da,j561d2e6306538
a561d2e63068f4,b561d2e630689e,c561d2e630694a,d561d2e6306998,e561d2e63069ee,f561d2e6306a44,g561d2e6306a9b,h561d2e6306af1,i561d2e6306b48,j561d2e6306b9f
a561d2e6306f4e,b561d2e6306f01,c561d2e6306fa5,d561d2e6306ffb,e561d2e6307052,f561d2e63070a9,g561d2e630710a,h561d2e630715f,i561d2e63071b6,j561d2e630720d
a561d2e63075c6,b561d2e6307570,c561d2e6307629,d561d2e6307681,e561d2e63076d9,f561d2e6307730,g561d2e6307787,h561d2e63077dd,i561d2e6307834,j561d2e630788a
a561d2e6307c26,b561d2e6307bd9,c561d2e6307c7c,d561d2e6307cd2,e561d2e6307d29,f561d2e6307d77,g561d2e6307dcd,h561d2e6307e23,i561d2e6307e79,j561d2e6307ed0
a561d2e6308293,b561d2e630823d,c561d2e63082ea,d561d2e6308340,e561d2e630838e,f561d2e63083e3,g561d2e630843b,h561d2e6308491,i561d2e63084e7,j561d2e630853f
a561d2e63088ef,b561d2e63088a1,c561d2e6308944,d561d2e630899a,e561d2e63089fc,f561d2e6308a51,g561d2e6308aa9,h561d2e6308b00,i561d2e6308b56,j561d2e6308bad
a561d2e6308f75,b561d2e6308f1e,c561d2e6308fcb,d561d2e6309022,e561d2e6309079,f561d2e63090cf,g561d2e6309126,h561d2e630917b,i561d2e63091cf,j561d2e6309225
a561d2e63095d2,b561d2e6309582,c561d2e6309625,d561d2e6309673,e561d2e63096c9,f561d2e630971f,g561d2e6309776,h561d2e63097cc,i561d2e6309823,j561d2e630987a
a561d2e6309c34,b561d2e6309be6,c561d2e6309c89,d561d2e6309ce0,e561d2e6309d37,f561d2e6309d8d,g561d2e6309ddd,h561d2e6309e3b,i561d2e6309e89,j561d2e6309edd
a561d2e630a283,b561d2e630a22c,c561d2e630a2da,d561d2e630a330,e561d2e630a386,f561d2e630a3d4,g561d2e630a429,h561d2e630a480,i561d2e630a4d7,j561d2e630a52d
a561d2e630a8e3,b561d2e630a895,c561d2e630a938,d561d2e630a98e,e561d2e630a9dd,f561d2e630aa32,g561d2e630aa88,h561d2e630aadf,i561d2e630ab36,j561d2e630ab8c
a561d2e630af42,b561d2e630aef4,c561d2e630af97,d561d2e630afe4,e561d2e630b03b,f561d2e630b090,g561d2e630b0e8,h561d2e630b13e,i561d2e630b194,j561d2e630b1ed
a561d2e630b5a0,b561d2e630b553,c561d2e630b5f6,d561d2e630b64c,e561d2e630b6a3,f561d2e630b6ff,g561d2e630b755,h561d2e630b7ac,i561d2e630b803,j561d2e630b859
a561d2e630bc2d,b561d2e630bbd0,c561d2e630bc96,d561d2e630bcee,e561d2e630bd45,f561d2e630bd9b,g561d2e630bdf2,h561d2e630be48,i561d2e630be9f,j561d2e630bef5
a561d2e630c2ab,b561d2e630c25d,c561d2e630c300,d561d2e630c357,e561d2e630c3a4,f561d2e630c3fa,g561d2e630c451,h561d2e630c4aa,i561d2e630c4fe,j561d2e630c555
a561d2e630c90e,b561d2e630c8b7,c561d2e630c964,d561d2e630c9b2,e561d2e630ca07,f561d2e630ca5e,g561d2e630cab5,h561d2e630cb0b,i561d2e630cb67,j561d2e630cbbe
a561d2e630cf5f,b561d2e630cf11,c561d2e630cfb4,d561d2e630d015,e561d2e630d06c,f561d2e630d0c2,g561d2e630d119,h561d2e630d16f,i561d2e630d1bd,j561d2e630d213
a561d2e630d5bd,b561d2e630d567,c561d2e630d615,d561d2e630d667,e561d2e630d6bb,f561d2e630d712,g561d2e630d768,h561d2e630d7bf,i561d2e630d816,j561d2e630d86d
a561d2e630dc20,b561d2e630dbca,c561d2e630dc77,d561d2e630dcce,e561d2e630dd24,f561d2e630dd7b,g561d2e630ddd2,h561d2e630de28,i561d2e630de7f,j561d2e630ded6
a561d2e630e285,b561d2e630e238,c561d2e630e2db,d561d2e630e332,e561d2e630e389,f561d2e630e3e1,g561d2e630e440,h561d2e630e496,i561d2e630e4e4,j561d2e630e53a
a561d2e630e8e8,b561d2e630e892,c561d2e630e940,d561d2e630e996,e561d2e630e9ed,f561d2e630ea43,g561d2e630ea9a,h561d2e630eaf0,i561d2e630eb47,j561d2e630eba4
a561d2e630ef66,b561d2e630ef0f,c561d2e630efbc,d561d2e630f00b,e561d2e630f060,f561d2e630f0b6,g561d2e630f10e,h561d2e630f164,i561d2e630f1ba,j561d2e630f211
a561d2e630f5c5,b561d2e630f56e,c561d2e630f61b,d561d2e630f669,e561d2e630f6be,f561d2e630f715,g561d2e630f76c,h561d2e630f7c3,i561d2e630f819,j561d2e630f871
a561d2e630fc07,b561d2e630fbc8,c561d2e630fc55,d561d2e630fca4,e561d2e630fcff,f561d2e630fd73,g561d2e630fdcb,h561d2e630fe22,i561d2e630fe78,j561d2e630fecf
a561d2e6310287,b561d2e6310231,c561d2e63102de,d561d2e631032f,e561d2e6310382,f561d2e63103cf,g561d2e6310425,h561d2e631047b,i561d2e63104d3,j561d2e6310529
a561d2e63108d7,b561d2e6310881,c561d2e631092f,d561d2e6310985,e561d2e63109dc,f561d2e6310a32,g561d2e6310a80,h561d2e6310ad6,i561d2e6310b2c,j561d2e6310b82
a561d2e6310f41,b561d2e6310eea,c561d2e6310f97,d561d2e6310fe5,e561d2e631103b,f561d2e6311091,g561d2e63110df,h561d2e631113a,i561d2e6311190,j561d2e63111e7
a561d2e631154e,b561d2e63114fb,c561d2e63115af,d561d2e6311605,e561d2e6311653,f561d2e63116a8,g561d2e63116ff,h561d2e6311756,i561d2e63117a4,j561d2e63117f9
a561d2e6311ba9,b561d2e6311b5c,c561d2e6311bfe,d561d2e6311c55,e561d2e6311cac,f561d2e6311cfa,g561d2e6311d4f,h561d2e6311da5,i561d2e6311df4,j561d2e6311e48
a561d2e63121f3,b561d2e63121a6,c561d2e6312254,d561d2e63122aa,e561d2e6312300,f561d2e6312358,g561d2e63123ae,h561d2e6312404,i561d2e631245b,j561d2e63124bc
a561d2e6312867,b561d2e6312819,c561d2e63128bc,d561d2e6312913,e561d2e631296a,f561d2e63129c5,g561d2e6312a1c,h561d2e6312a72,i561d2e6312ac1,j561d2e6312b16
a561d2e6312ecf,b561d2e6312e78,c561d2e6312f26,d561d2e6312f7d,e561d2e6312fd3,f561d2e6313021,g561d2e6313076,h561d2e63130cd,i561d2e631311a,j561d2e6313170
a561d2e631352e,b561d2e63134d7,c561d2e6313584,d561d2e63135d2,e561d2e6313628,f561d2e631367f,g561d2e63136d5,h561d2e631372c,i561d2e6313779,j561d2e63137cf
a561d2e6313b88,b561d2e6313b31,c561d2e6313bde,d561d2e6313c2c,e561d2e6313c89,f561d2e6313cd9,g561d2e6313d17,h561d2e6313d67,i561d2e6313dbf,j561d2e6313e15
a561d2e63141dc,b561d2e631417b,c561d2e6314233,d561d2e631428c,e561d2e63142e0,f561d2e6314337,g561d2e631438e,h561d2e63143db,i561d2e6314431,j561d2e6314487
a561d2e631482e,b561d2e63147e0,c561d2e6314883,d561d2e63148da,e561d2e6314930,f561d2e631497e,g561d2e63149d4,h561d2e6314a2a,i561d2e6314a81,j561d2e6314ad7
a561d2e6314e9b,b561d2e6314e44,c561d2e6314ef1,d561d2e6314f3e,e561d2e6314f94,f561d2e6314feb,g561d2e6315041,h561d2e6315098,i561d2e63150ef,j561d2e6315148
a561d2e63154f5,b561d2e631549e,c561d2e631554b,d561d2e6315599,e561d2e63155ee,f561d2e6315645,g561d2e631569d,h561d2e63156f2,i561d2e6315749,j561d2e631579f
a561d2e6315b4a,b561d2e6315afd,c561d2e6315baa,d561d2e6315bf7,e561d2e6315c4c,f561d2e6315ca4,g561d2e6315cfd,h561d2e6315d56,i561d2e6315dad,j561d2e6315e04
a561d2e63161a8,b561d2e6316157,c561d2e63161ff,d561d2e631624c,e561d2e63162a1,f561d2e63162f8,g561d2e631634f,h561d2e63163a5,i561d2e63163fc,j561d2e6316451
a561d2e6316811,b561d2e63167bb,c561d2e6316868,d561d2e63168b6,e561d2e631690b,f561d2e6316961,g561d2e63169b8,h561d2e6316a06,i561d2e6316a5b,j561d2e6316abc
a561d2e6316e58,b561d2e6316e0a,c561d2e6316ead,d561d2e6316f04,e561d2e6316f65,f561d2e6316fbb,g561d2e6317009,h561d2e631705e,i561d2e63170bf,j561d2e6317117
a561d2e63174c4,b561d2e6317470,c561d2e631751b,d561d2e6317569,e561d2e63175be,f561d2e6317615,g561d2e6317663,h561d2e63176b8,i561d2e631770f,j561d2e6317766
a561d2e6317b1f,b561d2e6317ac8,c561d2e6317b76,d561d2e6317bc9,e561d2e6317c20,f561d2e6317c7c,g561d2e6317ccd,h561d2e6317e5a,i561d2e6317ea7,j561d2e6317f1d
a561d2e63182ca,b561d2e6318275,c561d2e631831f,d561d2e6318367,e561d2e63183b1,f561d2e63183fb,g561d2e6318450,h561d2e63184ae,i561d2e6318503,j561d2e6318559
a561d2e6318907,b561d2e63188b6,c561d2e6318960,d561d2e63189b0,e561d2e6318a05,f561d2e6318a58,g561d2e6318aaa,h561d2e6318b01,i561d2e6318b4e,j561d2e6318ba5
a561d2e6318f33,b561d2e6318ee1,c561d2e6318f89,d561d2e6318fb7,e561d2e6318fed,f561d2e6319037,g561d2e6319086,h561d2e63190d5,i561d2e6319127,j561d2e6319175
a561d2e6319518,b561d2e63194c6,c561d2e6319566,d561d2e63195b6,e561d2e6319608,f561d2e631965e,g561d2e63196b5,h561d2e6319703,i561d2e6319753,j561d2e63197b0
a561d2e6319b3a,b561d2e6319ae8,c561d2e6319b8d,d561d2e6319bdc,e561d2e6319c2e,f561d2e6319c87,g561d2e6319cd6,h561d2e6319d28,i561d2e6319d79,j561d2e6319dd1
a561d2e631a16d,b561d2e631a10c,c561d2e631a1c3,d561d2e631a211,e561d2e631a267,f561d2e631a2bd,g561d2e631a314,h561d2e631a36a,i561d2e631a3c1,j561d2e631a418
a561d2e631a7cc,b561d2e631a776,c561d2e631a822,d561d2e631a879,e561d2e631a8d0,f561d2e631a926,g561d2e631a97d,h561d2e631a9cb,i561d2e631aa21,j561d2e631aa77
a561d2e631ae17,b561d2e631adbf,c561d2e631ae6d,d561d2e631aec4,e561d2e631af1e,f561d2e631af6f,g561d2e631afc3,h561d2e631b010,i561d2e631b06a,j561d2e631b0c2
a561d2e631b4ba,b561d2e631b45e,c561d2e631b515,d561d2e631b574,e561d2e631b5cb,f561d2e631b619,g561d2e631b66e,h561d2e631b6c4,i561d2e631b714,j561d2e631b768
a561d2e631bb30,b561d2e631bad9,c561d2e631bb87,d561d2e631bbd4,e561d2e631bc2a,f561d2e631bc80,g561d2e631bcce,h561d2e631bd23,i561d2e631bd7a,j561d2e631bdd1
a561d2e631c1c9,b561d2e631c173,c561d2e631c223,d561d2e631c279,e561d2e631c2d8,f561d2e631c332,g561d2e631c388,h561d2e631c3de,i561d2e631c42c,j561d2e631c481
a561d2e631c827,b561d2e631c7da,c561d2e631c87d,d561d2e631c8ca,e561d2e631c920,f561d2e631c976,g561d2e631c9d2,h561d2e631ca28,i561d2e631ca7f,j561d2e631cad6
a561d2e631ce8f,b561d2e631ce3b,c561d2e631cef1,d561d2e631cf47,e561d2e631cf94,f561d2e631cfe9,g561d2e631d040,h561d2e631d08e,i561d2e631d0e4,j561d2e631d13a
a561d2e631d4e5,b561d2e631d497,c561d2e631d53a,d561d2e631d591,e561d2e631d5e8,f561d2e631d63f,g561d2e631d695,h561d2e631d6ec,i561d2e631d73a,j561d2e631d78f
a561d2e631db37,b561d2e631dae7,c561d2e631db90,d561d2e631dbe7,e561d2e631dc3d,f561d2e631dc8a,g561d2e631dce0,h561d2e631dd36,i561d2e631dd8d,j561d2e631ddf0
a561d2e631e18e,b561d2e631e141,c561d2e631e1e4,d561d2e631e23a,e561d2e631e297,f561d2e631e2e4,g561d2e631e33a,h561d2e631e390,i561d2e631e3de,j561d2e631e433
a561d2e631e7e7,b561d2e631e792,c561d2e631e83d,d561d2e631e894,e561d2e631e8eb,f561d2e631e939,g561d2e631e98f,h561d2e631e9e4,i561d2e631ea41,j561d2e631ea94
a561d2e631ee50,b561d2e631edfa,c561d2e631eea7,d561d2e631eefe,e561d2e631ef55,f561d2e631efab,g561d2e631eff9,h561d2e631f04e,i561d2e631f0a4,j561d2e631f0fb
a561d2e631f48b,b561d2e631f436,c561d2e631f4e2,d561d2e631f539,e561d2e631f58f,f561d2e631f5e7,g561d2e631f63c,h561d2e631f699,i561d2e631f6ef,j561d2e631f747
a561d2e631faeb,b561d2e631fa9e,c561d2e631fb47,d561d2e631fb9d,e561d2e631fbeb,f561d2e631fc40,g561d2e631fc97,h561d2e631fce4,i561d2e631fd3d,j561d2e631fd8d
a561d2e632014f,b561d2e63200fc,c561d2e63201a6,d561d2e63201e5,e561d2e6320233,f561d2e632028b,g561d2e63202da,h561d2e632032e,i561d2e6320385,j561d2e63203db
a561d2e6320794,b561d2e632073d,c561d2e63207eb,d561d2e6320842,e561d2e6320898,f561d2e63208e6,g561d2e632093b,h561d2e6320992,i561d2e63209e0,j561d2e6320a40
a561d2e6320dd9,b561d2e6320d83,c561d2e6320e31,d561d2e6320e7e,e561d2e6320ed3,f561d2e6320f2f,g561d2e6320f85,h561d2e6320fdc,i561d2e6321033,j561d2e632108a
a561d2e6321443,b561d2e63213e7,c561d2e6321499,d561d2e63214f0,e561d2e6321546,f561d2e6321594,g561d2e63215ea,h561d2e6321640,i561d2e632168e,j561d2e63216e4
a561d2e6321a8e,b561d2e6321a37,c561d2e6321ae3,d561d2e6321b31,e561d2e6321b87,f561d2e6321bde,g561d2e6321c2b,h561d2e6321c83,i561d2e6321cd7,j561d2e6321d2e
a561d2e63220e2,b561d2e632208b,c561d2e6322139,d561d2e6322186,e561d2e63221dc,f561d2e6322232,g561d2e6322280,h561d2e63222d6,i561d2e632232e,j561d2e6322383
a561d2e632272d,b561d2e63226d6,c561d2e6322783,d561d2e63227e5,e561d2e632283b,f561d2e6322891,g561d2e63228e8,h561d2e6322936,i561d2e632298a,j561d2e63229e2
a561d2e6322d9f,b561d2e6322d49,c561d2e6322df7,d561d2e6322e4d,e561d2e6322ea4,f561d2e6322efd,g561d2e6322f52,h561d2e6322fa8,i561d2e6322fff,j561d2e6323055
a561d2e6323404,b561d2e63233ad,c561d2e632345a,d561d2e63234a8,e561d2e63234fe,f561d2e6323553,g561d2e63235a4,h561d2e63235ee,i561d2e632363e,j561d2e6323695
a561d2e6323a4e,b561d2e63239f8,c561d2e6323aa5,d561d2e6323af3,e561d2e6323b48,f561d2e6323ba1,g561d2e6323c00,h561d2e6323c56,i561d2e6323cad,j561d2e6323d04
a561d2e63240b2,b561d2e632405c,c561d2e632410b,d561d2e6324171,e561d2e63241c5,f561d2e632421c,g561d2e6324273,h561d2e63242c1,i561d2e63242fe,j561d2e632434d
a561d2e6324708,b561d2e63246b2,c561d2e632475e,d561d2e63247ac,e561d2e6324801,f561d2e6324857,g561d2e63248ae,h561d2e6324905,i561d2e6324953,j561d2e63249a8
a561d2e6324d67,b561d2e6324d0f,c561d2e6324dbc,d561d2e6324e13,e561d2e6324e6a,f561d2e6324ec1,g561d2e6324f17,h561d2e6324f67,i561d2e6324fbb,j561d2e632501d
a561d2e63253de,b561d2e6325387,c561d2e6325435,d561d2e6325483,e561d2e63254de,f561d2e6325534,g561d2e632558b,h561d2e63255e1,i561d2e632562f,j561d2e6325684
a561d2e6325a2a,b561d2e63259dd,c561d2e6325a80,d561d2e6325ad0,e561d2e6325b23,f561d2e6325b7a,g561d2e6325bd0,h561d2e6325c27,i561d2e6325c7d,j561d2e6325cd4
a561d2e6326083,b561d2e632602c,c561d2e63260dd,d561d2e6326130,e561d2e632617e,f561d2e63261d3,g561d2e632622a,h561d2e6326281,i561d2e63262cf,j561d2e6326324
a561d2e63266dd,b561d2e6326686,c561d2e6326733,d561d2e6326781,e561d2e63267d7,f561d2e632682d,g561d2e6326884,h561d2e63268dc,i561d2e6326931,j561d2e6326988
a561d2e6326d46,b561d2e6326cef,c561d2e6326da3,d561d2e6326df3,e561d2e6326e49,f561d2e6326ea1,g561d2e6326ef7,h561d2e6326f46,i561d2e6326f9b,j561d2e6326ff1
a561d2e63273a6,b561d2e6327359,c561d2e63273fb,d561d2e6327449,e561d2e632749e,f561d2e63274f5,g561d2e632754c,h561d2e63275a2,i561d2e63275f9,j561d2e6327650
a561d2e63279fd,b561d2e63279ad,c561d2e6327a5f,d561d2e6327aae,e561d2e6327b03,f561d2e6327b59,g561d2e6327bb0,h561d2e6327c06,i561d2e6327c5d,j561d2e6327cb4
a561d2e6328063,b561d2e632800c,c561d2e63280b9,d561d2e6328110,e561d2e6328167,f561d2e63281c3,g561d2e6328219,h561d2e6328267,i561d2e63282a5,j561d2e63282f3
a561d2e63286d3,b561d2e632867b,c561d2e6328727,d561d2e632877e,e561d2e63287cc,f561d2e6328827,g561d2e632887d,h561d2e63288d4,i561d2e632892b,j561d2e6328981
a561d2e6328d45,b561d2e6328ced,c561d2e6328d9b,d561d2e6328df2,e561d2e6328e48,f561d2e6328e97,g561d2e6328eec,h561d2e6328f42,i561d2e6328f90,j561d2e6328fe6
a561d2e6329399,b561d2e6329342,c561d2e63293f0,d561d2e6329447,e561d2e632949d,f561d2e63294f3,g561d2e6329542,h561d2e6329596,i561d2e63295ef,j561d2e6329644
a561d2e6329b81,b561d2e6329b2c,c561d2e6329bd7,d561d2e6329c33,e561d2e6329c8a,f561d2e6329ce0,g561d2e6329d2e,h561d2e6329d84,i561d2e6329dda,j561d2e6329e30
a561d2e632a1e6,b561d2e632a190,c561d2e632a23b,d561d2e632a292,e561d2e632a2e8,f561d2e632a336,g561d2e632a38c,h561d2e632a3e2,i561d2e632a430,j561d2e632a486
a561d2e632abde,b561d2e632ab88,c561d2e632ac35,d561d2e632ac8b,e561d2e632ace2,f561d2e632ad39,g561d2e632ad8f,h561d2e632addd,i561d2e632ae33,j561d2e632ae88
a561d2e632b23e,b561d2e632b1e6,c561d2e632b294,d561d2e632b2ea,e561d2e632b338,f561d2e632b38e,g561d2e632b3e5,h561d2e632b43a,i561d2e632b492,j561d2e632b4e8
a561d2e632b88f,b561d2e632b836,c561d2e632b8f3,d561d2e632b949,e561d2e632b9a0,f561d2e632b9f7,g561d2e632ba4d,h561d2e632baa4,i561d2e632bafb,j561d2e632bb51
a561d2e632bef6,b561d2e632be9f,c561d2e632bf4d,d561d2e632bfa3,e561d2e632bff9,f561d2e632c050,g561d2e632c0a7,h561d2e632c0fd,i561d2e632c154,j561d2e632c1ac
a561d2e632c53b,b561d2e632c4f9,c561d2e632c587,d561d2e632c5de,e561d2e632c635,f561d2e632c683,g561d2e632c6d9,h561d2e632c72f,i561d2e632c77c,j561d2e632c7d7
a561d2e632cb87,b561d2e632cb3a,c561d2e632cbdc,d561d2e632cc2a,e561d2e632cc85,f561d2e632ccd2,g561d2e632cd27,h561d2e632cd7f,i561d2e632cdd5,j561d2e632ce2c
a561d2e632d1d0,b561d2e632d180,c561d2e632d227,d561d2e632d27e,e561d2e632d2d4,f561d2e632d32b,g561d2e632d381,h561d2e632d3cf,i561d2e632d425,j561d2e632d47c
a561d2e632d83a,b561d2e632d7e6,c561d2e632d890,d561d2e632d8de,e561d2e632d933,f561d2e632d98a,g561d2e632d9e1,h561d2e632da37,i561d2e632da8e,j561d2e632dae4
a561d2e632de94,b561d2e632de3d,c561d2e632deea,d561d2e632df38,e561d2e632df8d,f561d2e632dfe4,g561d2e632e03e,h561d2e632e098,i561d2e632e0ed,j561d2e632e143
a561d2e632e4e8,b561d2e632e492,c561d2e632e549,d561d2e632e5a0,e561d2e632e5ed,f561d2e632e642,g561d2e632e69a,h561d2e632e6f0,i561d2e632e747,j561d2e632e79f
a561d2e632eb4d,b561d2e632eaf8,c561d2e632eba3,d561d2e632ebfa,e561d2e632ec51,f561d2e632eca7,g561d2e632ecfe,h561d2e632ed54,i561d2e632eda2,j561d2e632edf7
a561d2e632f263,b561d2e632f20c,c561d2e632f2ba,d561d2e632f307,e561d2e632f35c,f561d2e632f3b4,g561d2e632f40a,h561d2e632f458,i561d2e632f4ad,j561d2e632f504
a561d2e632f8c2,b561d2e632f86b,c561d2e632f919,d561d2e632f970,e561d2e632f9c6,f561d2e632fa21,g561d2e632fa6f,h561d2e632fac5,i561d2e632fb1b,j561d2e632fb72
a561d2e632ff31,b561d2e632fed0,c561d2e632ff86,d561d2e632ffd4,e561d2e633002a,f561d2e6330080,g561d2e63300d7,h561d2e633012e,i561d2e6330184,j561d2e63301da
a561d2e6330580,b561d2e6330528,c561d2e63305d6,d561d2e633063a,e561d2e6330685,f561d2e63306dd,g561d2e6330731,h561d2e633077e,i561d2e63307d3,j561d2e633082a
a561d2e6330bdb,b561d2e6330b8d,c561d2e6330c30,d561d2e6330c87,e561d2e6330cd4,f561d2e6330d2a,g561d2e6330d80,h561d2e6330dd7,i561d2e6330e2f,j561d2e6330e85
a561d2e633122a,b561d2e63311dd,c561d2e6331280,d561d2e63312dc,e561d2e6331338,f561d2e6331390,g561d2e63313e5,h561d2e633143b,i561d2e6331492,j561d2e63314e8
a561d2e63318af,b561d2e6331860,c561d2e6331903,d561d2e633195a,e561d2e63319b0,f561d2e63319fd,g561d2e6331a53,h561d2e6331aa9,i561d2e6331b00,j561d2e6331b59
a561d2e6331f24,b561d2e6331ecd,c561d2e6331f7b,d561d2e6331fd2,e561d2e633201f,f561d2e6332074,g561d2e63320cb,h561d2e6332123,i561d2e6332179,j561d2e63321cf
a561d2e6332574,b561d2e633251d,c561d2e63325cb,d561d2e633260a,e561d2e6332657,f561d2e63326a7,g561d2e6332701,h561d2e633274f,i561d2e63327a5,j561d2e63327fb
a561d2e6332bb5,b561d2e6332b5e,c561d2e6332c0c,d561d2e6332c5c,e561d2e6332cb3,f561d2e6332d0a,g561d2e6332d60,h561d2e6332dae,i561d2e6332e03,j561d2e6332e5a
a561d2e6333218,b561d2e63331c1,c561d2e633326f,d561d2e63332c6,e561d2e6333313,f561d2e6333369,g561d2e63333bf,h561d2e633340d,i561d2e6333462,j561d2e63334b9
a561d2e6333877,b561d2e6333821,c561d2e63338ce,d561d2e633391b,e561d2e6333971,f561d2e63339c7,g561d2e6333a15,h561d2e6333a6b,i561d2e6333ac1,j561d2e6333b19
a561d2e6333eb9,b561d2e6333e6c,c561d2e6333f0e,d561d2e6333f65,e561d2e6333fbb,f561d2e6334018,g561d2e6334067,h561d2e63340ba,i561d2e6334111,j561d2e6334167
a561d2e6334511,b561d2e63344bc,c561d2e6334528,d561d2e6334576,e561d2e63345dc,f561d2e633462e,g561d2e633467c,h561d2e63346d2,i561d2e6334728,j561d2e6334769
a561d2e6334b24,b561d2e6334acd,c561d2e6334b7a,d561d2e6334bc8,e561d2e6334c1e,f561d2e6334c71,g561d2e6334cc6,h561d2e6334d1c,i561d2e6334d7a,j561d2e6334dcb
a561d2e6335179,b561d2e6335122,c561d2e63351cf,d561d2e6335226,e561d2e633527c,f561d2e63352d4,g561d2e633532a,h561d2e6335385,i561d2e63353dd,j561d2e6335432
a561d2e63357f1,b561d2e633579b,c561d2e6335849,d561d2e6335899,e561d2e63358f0,f561d2e6335947,g561d2e633599d,h561d2e63359f4,i561d2e6335a4a,j561d2e6335aa1
a561d2e6335e64,b561d2e6335e0e,c561d2e6335ebb,d561d2e6335f09,e561d2e6335f5e,f561d2e6335fb4,g561d2e633600c,h561d2e6336062,i561d2e63360b9,j561d2e633610f
a561d2e63364c8,b561d2e6336473,c561d2e633651f,d561d2e633656c,e561d2e63365c2,f561d2e6336618,g561d2e6336670,h561d2e63366c7,i561d2e633671d,j561d2e6336774
a561d2e6336b2e,b561d2e6336ae0,c561d2e6336b83,d561d2e6336bda,e561d2e6336c30,f561d2e6336c8d,g561d2e6336ce2,h561d2e6336d39,i561d2e6336d87,j561d2e6336ddc
a561d2e633719b,b561d2e633713f,c561d2e63371f1,d561d2e6337248,e561d2e63372a4,f561d2e63372fa,g561d2e6337349,h561d2e633739d,i561d2e63373f4,j561d2e6337411
a561d2e63377be,b561d2e6337770,c561d2e6337813,d561d2e6337869,e561d2e63378c1,f561d2e6337917,g561d2e6337965,h561d2e63379ba,i561d2e6337a10,j561d2e6337a68
a561d2e6337e21,b561d2e6337dca,c561d2e6337e77,d561d2e6337ece,e561d2e6337f28,f561d2e6337f79,g561d2e6337fcd,h561d2e6338023,i561d2e633807f,j561d2e63380d6
a561d2e6338480,b561d2e633842a,c561d2e63384d5,d561d2e633852e,e561d2e6338583,f561d2e63385da,g561d2e6338628,h561d2e633867d,i561d2e63386d3,j561d2e633873e
a561d2e6338ad9,b561d2e6338a83,c561d2e6338b30,d561d2e6338b86,e561d2e6338bde,f561d2e6338c2b,g561d2e6338c80,h561d2e6338cd7,i561d2e6338d25,j561d2e6338d7b
a561d2e6339115,b561d2e63390be,c561d2e6339169,d561d2e63391bd,e561d2e633920b,f561d2e6339261,g561d2e63392b6,h561d2e633930d,i561d2e6339366,j561d2e63393ba
a561d2e633976a,b561d2e633971d,c561d2e63397bf,d561d2e6339817,e561d2e633986d,f561d2e63398bb,g561d2e6339916,h561d2e6339963,i561d2e63399b8,j561d2e6339a0f
a561d2e6339db9,b561d2e6339d62,c561d2e6339e1a,d561d2e6339e68,e561d2e6339ebd,f561d2e6339f13,g561d2e6339f6a,h561d2e6339fc1,i561d2e633a00f,j561d2e633a064
a561d2e633a418,b561d2e633a3c1,c561d2e633a46f,d561d2e633a4c6,e561d2e633a51c,f561d2e633a56a,g561d2e633a5bf,h561d2e633a616,i561d2e633a66c,j561d2e633a6c3
a561d2e633aa69,b561d2e633aa1b,c561d2e633aabe,d561d2e633ab15,e561d2e633ab6c,f561d2e633abba,g561d2e633ac0f,h561d2e633ac65,i561d2e633acbc,j561d2e633ad1d
a561d2e633b0c3,b561d2e633b06b,c561d2e633b118,d561d2e633b16f,e561d2e633b1d0,f561d2e633b226,g561d2e633b27d,h561d2e633b2dd,i561d2e633b32b,j561d2e633b381
a561d2e633b730,b561d2e633b6d9,c561d2e633b784,d561d2e633b7d9,e561d2e633b82f,f561d2e633b885,g561d2e633b8d3,h561d2e633b929,i561d2e633b97f,j561d2e633b9d6
a561d2e633bd80,b561d2e633bd29,c561d2e633bdd6,d561d2e633be2d,e561d2e633be83,f561d2e633beda,g561d2e633bf31,h561d2e633bf7e,i561d2e633bfd4,j561d2e633c02a
a561d2e633c3e8,b561d2e633c397,c561d2e633c43f,d561d2e633c495,e561d2e633c4ed,f561d2e633c543,g561d2e633c59a,h561d2e633c5f2,i561d2e633c641,j561d2e633c690
a561d2e633ca39,b561d2e633c9e1,c561d2e633ca8e,d561d2e633caf0,e561d2e633cb3d,f561d2e633cb93,g561d2e633cbea,h561d2e633cc37,i561d2e633cc90,j561d2e633cce8
a561d2e633d08e,b561d2e633d040,c561d2e633d0e3,d561d2e633d132,e561d2e633d187,f561d2e633d1e0,g561d2e633d234,h561d2e633d28b,i561d2e633d2e2,j561d2e633d338
a561d2e633d6e7,b561d2e633d690,c561d2e633d740,d561d2e633d795,e561d2e633d7eb,f561d2e633d841,g561d2e633d88f,h561d2e633d8e4,i561d2e633d93b,j561d2e633d992
a561d2e633dd37,b561d2e633dcea,c561d2e633dd8d,d561d2e633dddb,e561d2e633de30,f561d2e633de87,g561d2e633deef,h561d2e633df41,i561d2e633df95,j561d2e633dfec
a561d2e633e3a0,b561d2e633e344,c561d2e633e3f6,d561d2e633e444,e561d2e633e499,f561d2e633e4f0,g561d2e633e53d,h561d2e633e593,i561d2e633e5ea,j561d2e633e640
a561d2e633e9f5,b561d2e633e9a8,c561d2e633ea4b,d561d2e633eaa2,e561d2e633eaf9,f561d2e633eb56,g561d2e633ebab,h561d2e633ec01,i561d2e633ec4f,j561d2e633eca5
a561d2e633f058,b561d2e633f002,c561d2e633f0af,d561d2e633f111,e561d2e633f168,f561d2e633f1bd,g561d2e633f214,h561d2e633f26b,i561d2e633f2c7,j561d2e633f31d
a561d2e633f6d6,b561d2e633f67f,c561d2e633f72c,d561d2e633f783,e561d2e633f7e4,f561d2e633f83b,g561d2e633f889,h561d2e633f8dd,i561d2e633f934,j561d2e633f98b
a561d2e633fd49,b561d2e633fcf3,c561d2e633fda0,d561d2e633fdf7,e561d2e633fe4d,f561d2e633fea3,g561d2e633fefb,h561d2e633ff51,i561d2e633ff9f,j561d2e633fff4
a561d2e63403b7,b561d2e6340360,c561d2e634040e,d561d2e6340465,e561d2e63404bb,f561d2e6340509,g561d2e634055f,h561d2e63405b5,i561d2e634060c,j561d2e6340663
a561d2e63409e9,b561d2e6340993,c561d2e6340a40,d561d2e6340ac6,e561d2e6340b1a,f561d2e6340b71,g561d2e6340bc8,h561d2e6340c29,i561d2e6340c7f,j561d2e6340cd6
a561d2e6341074,b561d2e6341024,c561d2e63410d7,d561d2e634112d,e561d2e634117b,f561d2e63411d0,g561d2e6341226,h561d2e6341274,i561d2e63412d1,j561d2e634132a
a561d2e63416ee,b561d2e6341697,c561d2e6341745,d561d2e634179b,e561d2e63417f2,f561d2e6341848,g561d2e634189f,h561d2e63418ed,i561d2e6341942,j561d2e6341999
a561d2e6341d3a,b561d2e6341cec,c561d2e6341d8f,d561d2e6341de5,e561d2e6341e3d,f561d2e6341e8a,g561d2e6341ee0,h561d2e6341f35,i561d2e6341f8d,j561d2e6341ff0
a561d2e6342399,b561d2e634234b,c561d2e63423ee,d561d2e6342444,e561d2e634249b,f561d2e63424f4,g561d2e6342548,h561d2e634259f,i561d2e63425f6,j561d2e634264d
a561d2e63429fc,b561d2e63429af,c561d2e6342a51,d561d2e6342aa9,e561d2e6342b00,f561d2e6342b56,g561d2e6342ba4,h561d2e6342bf9,i561d2e6342c50,j561d2e6342ca6
a561d2e634306e,b561d2e6343018,c561d2e63430c5,d561d2e634311c,e561d2e6343173,f561d2e63431c9,g561d2e6343217,h561d2e634326d,i561d2e63432c2,j561d2e6343319
a561d2e63436c9,b561d2e6343671,c561d2e634371f,d561d2e634376d,e561d2e63437c3,f561d2e6343818,g561d2e6343870,h561d2e63438c6,i561d2e6343922,j561d2e6343978
a561d2e6343cff,b561d2e6343cb3,c561d2e6343d56,d561d2e6343dae,e561d2e6343e03,f561d2e6343e59,g561d2e6343eb0,h561d2e6343f07,i561d2e6343f60,j561d2e6343fb0
a561d2e6344354,b561d2e6344303,c561d2e63443aa,d561d2e6344401,e561d2e6344457,f561d2e63444af,g561d2e6344505,h561d2e634455b,i561d2e63445b2,j561d2e6344609
a561d2e63449aa,b561d2e634495c,c561d2e63449ff,d561d2e6344a45,e561d2e6344a92,f561d2e6344aea,g561d2e6344b40,h561d2e6344b8e,i561d2e6344bcb,j561d2e6344c1b
a561d2e6344fda,b561d2e6344f83,c561d2e6345030,d561d2e6345087,e561d2e63450dd,f561d2e6345134,g561d2e634518c,h561d2e63451e1,i561d2e6345237,j561d2e634528e
a561d2e634563b,b561d2e63455e7,c561d2e63456a0,d561d2e63456f5,e561d2e6345742,f561d2e6345798,g561d2e63457ee,h561d2e6345845,i561d2e634589c,j561d2e63458f3
a561d2e6345ca1,b561d2e6345c4b,c561d2e6345cf8,d561d2e6345d4f,e561d2e6345da5,f561d2e6345dfc,g561d2e6345e52,h561d2e6345eac,i561d2e6345f06,j561d2e6345f5b
a561d2e6346320,b561d2e63462d3,c561d2e6346376,d561d2e63463c3,e561d2e6346419,f561d2e634646f,g561d2e63464be,h561d2e6346513,i561d2e6346569,j561d2e63465c1
a561d2e6346965,b561d2e634690d,c561d2e63469bb,d561d2e6346a12,e561d2e6346a6a,f561d2e6346abf,g561d2e6346b16,h561d2e6346b6c,i561d2e6346bc3,j561d2e6346c19
a561d2e6346fd3,b561d2e6346f7c,c561d2e634702a,d561d2e6347080,e561d2e63470d7,f561d2e6347124,g561d2e634717a,h561d2e63471d0,i561d2e634721e,j561d2e6347273
a561d2e634761e,b561d2e63475c6,c561d2e6347674,d561d2e63476cb,e561d2e6347721,f561d2e634776f,g561d2e63477c4,h561d2e634781b,i561d2e6347872,j561d2e63478c9
a561d2e6347c6e,b561d2e6347c21,c561d2e6347cc4,d561d2e6347d1a,e561d2e6347d68,f561d2e6347df9,g561d2e6347e49,h561d2e6347ea1,i561d2e6347ef4,j561d2e6347f4b
a561d2e63482e6,b561d2e6348299,c561d2e6348341,d561d2e6348398,e561d2e63483ee,f561d2e6348445,g561d2e634849c,h561d2e63484f3,i561d2e6348549,j561d2e63485a0
a561d2e6348973,b561d2e634891e,c561d2e63489c8,d561d2e6348a1f,e561d2e6348a76,f561d2e6348acc,g561d2e6348b24,h561d2e6348b7b,i561d2e6348bd2,j561d2e6348c27
a561d2e6348fe7,b561d2e6348f99,c561d2e634903c,d561d2e6349093,e561d2e63490e9,f561d2e6349140,g561d2e63491aa,h561d2e6349208,i561d2e634925d,j561d2e63492b6
a561d2e6349654,b561d2e63495fe,c561d2e63496aa,d561d2e6349701,e561d2e6349757,f561d2e63497b4,g561d2e634980a,h561d2e6349858,i561d2e63498ac,j561d2e6349904
a561d2e6349caf,b561d2e6349c62,c561d2e6349d07,d561d2e6349d5b,e561d2e6349db2,f561d2e6349dff,g561d2e6349e55,h561d2e6349eab,i561d2e6349ef9,j561d2e6349f4f
a561d2e634a2ef,b561d2e634a2a2,c561d2e634a345,d561d2e634a39b,e561d2e634a3e9,f561d2e634a43f,g561d2e634a495,h561d2e634a4ec,i561d2e634a59f,j561d2e634a5f3
a561d2e634a99b,b561d2e634a94d,c561d2e634a9f0,d561d2e634aa3e,e561d2e634aa93,f561d2e634aaea,g561d2e634ab37,h561d2e634ab8d,i561d2e634abe5,j561d2e634ac39
a561d2e634afe4,b561d2e634af8e,c561d2e634b03a,d561d2e634b0aa,e561d2e634b107,f561d2e634b15d,g561d2e634b1b4,h561d2e634b201,i561d2e634b257,j561d2e634b2ad
a561d2e634b65c,b561d2e634b605,c561d2e634b6b3,d561d2e634b70a,e561d2e634b760,f561d2e634b7ae,g561d2e634b811,h561d2e634b85a,i561d2e634b8b9,j561d2e634b911
a561d2e634bc7e,b561d2e634bc32,c561d2e634bcd4,d561d2e634bd2c,e561d2e634bd82,f561d2e634bdd9,g561d2e634be32,h561d2e634be83,i561d2e634bed8,j561d2e634bf2e
a561d2e634c2d3,b561d2e634c27c,c561d2e634c329,d561d2e634c380,e561d2e634c3d7,f561d2e634c42e,g561d2e634c489,h561d2e634c4e0,i561d2e634c536,j561d2e634c58d
a561d2e634c928,b561d2e634c8db,c561d2e634c984,d561d2e634c9da,e561d2e634ca31,f561d2e634ca87,g561d2e634cad6,h561d2e634cb2b,i561d2e634cb81,j561d2e634cbda
a561d2e634cfa5,b561d2e634cf4f,c561d2e634cffc,d561d2e634d053,e561d2e634d0a9,f561d2e634d0ff,g561d2e634d156,h561d2e634d1ad,i561d2e634d204,j561d2e634d25b
a561d2e634d604,b561d2e634d5ad,c561d2e634d65b,d561d2e634d6b2,e561d2e634d6ff,f561d2e634d758,g561d2e634d7b0,h561d2e634d811,i561d2e634d868,j561d2e634d8c9
a561d2e634dc6e,b561d2e634dc22,c561d2e634dcc4,d561d2e634dd1b,e561d2e634dd77,f561d2e634ddce,g561d2e634de24,h561d2e634de7b,i561d2e634ded1,j561d2e634df28
a561d2e634e2e1,b561d2e634e28c,c561d2e634e338,d561d2e634e38e,e561d2e634e3e5,f561d2e634e43c,g561d2e634e493,h561d2e634e4fe,i561d2e634e553,j561d2e634e5aa
a561d2e634e95a,b561d2e634e90d,c561d2e634e9af,d561d2e634ea07,e561d2e634ea5d,f561d2e634eaab,g561d2e634eb01,h561d2e634eb60,i561d2e634ebb7,j561d2e634ec0e
a561d2e634efbd,b561d2e634ef69,c561d2e634f014,d561d2e634f06b,e561d2e634f0c0,f561d2e634f118,g561d2e634f175,h561d2e634f1d5,i561d2e634f22b,j561d2e634f282
a561d2e634f636,b561d2e634f5e9,c561d2e634f691,d561d2e634f6df,e561d2e634f734,f561d2e634f790,g561d2e634f7e8,h561d2e634f83d,i561d2e634f88b,j561d2e634f8e1
a561d2e634fc8a,b561d2e634fc34,c561d2e634fce1,d561d2e634fd2f,e561d2e634fd84,f561d2e634fdda,g561d2e634fe32,h561d2e634fe7f,i561d2e634fed4,j561d2e634ff2c
a561d2e63502e4,b561d2e635028e,c561d2e635033b,d561d2e6350388,e561d2e63503de,f561d2e6350434,g561d2e635048c,h561d2e63504e1,i561d2e6350538,j561d2e635059a
a561d2e6350924,b561d2e63508d8,c561d2e635097a,d561d2e63509be,e561d2e63509fa,f561d2e6350a3c,g561d2e6350a8b,h561d2e6350ae5,i561d2e6350b3b,j561d2e6350b92
a561d2e6350f47,b561d2e6350ef9,c561d2e6350f9e,d561d2e6350ff4,e561d2e635104a,f561d2e63510a1,g561d2e63510f8,h561d2e635114f,i561d2e63511a5,j561d2e63511fb
a561d2e63515bf,b561d2e6351567,c561d2e6351616,d561d2e635166c,e561d2e63516c3,f561d2e6351719,g561d2e6351767,h561d2e63517bc,i561d2e6351813,j561d2e6351869
a561d2e6351c23,b561d2e6351bcc,c561d2e6351c7b,d561d2e6351cd1,e561d2e6351d27,f561d2e6351d74,g561d2e6351dca,h561d2e6351e22,i561d2e6351e79,j561d2e6351ecd
