c561d2e627f378,e561d2e627f425,b561d2e627efd2
c561d2e627f9ee,e561d2e627fa78,b561d2e627f632
c561d2e627fff0,e561d2e6280089,b561d2e627fc52
c561d2e6280707,e561d2e62807ab,b561d2e6280284
c561d2e6280d2c,e561d2e6280dcd,b561d2e628099a
c561d2e6281346,e561d2e62813f4,b561d2e6280fb8
c561d2e62819a7,e561d2e6281a55,b561d2e62815dc
c561d2e628200c,e561d2e62820bb,b561d2e6281c56
c561d2e628266a,e561d2e628270e,b561d2e62822c1
c561d2e6282c6d,e561d2e6282d1b,b561d2e62828c9
c561d2e62832d2,e561d2e6283376,b561d2e6282f23
c561d2e628392b,e561d2e62839d0,b561d2e6283572
c561d2e6283f6c,e561d2e628401e,b561d2e6283bdb
c561d2e62845ca,e561d2e6284671,b561d2e628421c
c561d2e6284c0b,e561d2e6284cb1,b561d2e6284872
c561d2e628526f,e561d2e6285312,b561d2e6284eb6
c561d2e62858b5,e561d2e6285959,b561d2e6285510
c561d2e6285f19,e561d2e6285fc7,b561d2e6285b65
c561d2e628656e,e561d2e628661a,b561d2e62861c4
c561d2e6286bb2,e561d2e6286c5b,b561d2e6286818
c561d2e628721b,e561d2e62872c9,b561d2e6286e59
c561d2e6287894,e561d2e6287937,b561d2e62874d1
c561d2e6287ee4,e561d2e6287f91,b561d2e6287b40
c561d2e628854d,e561d2e62885f1,b561d2e628819f
c561d2e6288bb1,e561d2e6288c5f,b561d2e62887ee
c561d2e6289216,e561d2e62892ba,b561d2e6288e67
c561d2e628986f,e561d2e6289914,b561d2e62894c3
c561d2e6289ea4,e561d2e6289f40,b561d2e6289b24
c561d2e628a4e1,e561d2e628a584,b561d2e628a13c
c561d2e628ab31,e561d2e628abd5,b561d2e628a781
c561d2e628b185,e561d2e628b23c,b561d2e628ade0
c561d2e628b7e4,e561d2e628b887,b561d2e628b43f
c561d2e628be29,e561d2e628bec6,b561d2e628ba85
c561d2e628c479,e561d2e628c52c,b561d2e628c0da
c561d2e628cad8,e561d2e628cb86,b561d2e628c72a
c561d2e628d147,e561d2e628d1eb,b561d2e628cd95
c561d2e628d791,e561d2e628d834,b561d2e628d3ec
c561d2e628dddd,e561d2e628de8e,b561d2e628da41
c561d2e628e45e,e561d2e628e50b,b561d2e628e0a0
c561d2e628eabd,e561d2e628eb6a,b561d2e628e70a
c561d2e628f122,e561d2e628f1ce,b561d2e628ed73
c561d2e628f77a,e561d2e628f81f,b561d2e628f3cc
c561d2e628fddf,e561d2e628fe83,b561d2e628fa20
c561d2e62905ae,e561d2e6290647,b561d2e629008a
c561d2e6290bfc,e561d2e6290caf,b561d2e6290859
c561d2e6291270,e561d2e6291314,b561d2e6290ead
c561d2e62918bf,e561d2e629196d,b561d2e629151b
c561d2e6291f23,e561d2e6291fe5,b561d2e6291b75
c561d2e62925bb,e561d2e6292668,b561d2e6292211
c561d2e6292c1f,e561d2e6292ccc,b561d2e6292866
c561d2e6293279,e561d2e6293326,b561d2e6292ec9
c561d2e62938dc,e561d2e6293990,b561d2e6293529
c561d2e6293f4b,e561d2e6293fee,b561d2e6293b94
c561d2e62945a5,e561d2e6294653,b561d2e62941fb
c561d2e6294c09,e561d2e6294cb1,b561d2e629485b
c561d2e629527e,e561d2e6295322,b561d2e6294eba
c561d2e62958c6,e561d2e6295974,b561d2e6295518
c561d2e6295f21,e561d2e6295fd0,b561d2e6295b71
c561d2e6296589,e561d2e629662f,b561d2e62961e4
c561d2e6296bcf,e561d2e6296c7c,b561d2e6296835
c561d2e629721f,e561d2e62972cc,b561d2e6296e7a
c561d2e6297883,e561d2e6297931,b561d2e62974d4
c561d2e6297ef4,e561d2e6297f9e,b561d2e6297b38
c561d2e629854d,e561d2e62985f8,b561d2e629819c
c561d2e6298bc5,e561d2e6298c76,b561d2e62987f6
c561d2e629922d,e561d2e62992da,b561d2e6298e95
c561d2e629988f,e561d2e6299934,b561d2e62994dd
c561d2e6299efa,e561d2e6299f9d,b561d2e6299b46
c561d2e629a559,e561d2e629a606,b561d2e629a196
c561d2e629abb2,e561d2e629ac55,b561d2e629a80e
c561d2e629b1d5,e561d2e629b282,b561d2e629ae1f
c561d2e629b83e,e561d2e629b8f5,b561d2e629b490
c561d2e629beca,e561d2e629bf6d,b561d2e629bafd
c561d2e629c514,e561d2e629c5c2,b561d2e629c16b
c561d2e629cb5b,e561d2e629cc08,b561d2e629c7b6
c561d2e629d1ba,e561d2e629d267,b561d2e629ce15
c561d2e629d82c,e561d2e629d8d0,b561d2e629d45f
c561d2e629de87,e561d2e629df34,b561d2e629dacd
c561d2e629e509,e561d2e629e5bb,b561d2e629e13c
c561d2e629eb64,e561d2e629ec07,b561d2e629e7b9
c561d2e629f1cc,e561d2e629f279,b561d2e629ee11
c561d2e629f835,e561d2e629f8e2,b561d2e629f491
c561d2e629fea4,e561d2e629ff51,b561d2e629faf0
c561d2e62a0507,e561d2e62a05b5,b561d2e62a014f
c561d2e62a0b6b,e561d2e62a0c0f,b561d2e62a07bd
c561d2e62a11da,e561d2e62a1282,b561d2e62a0e16
c561d2e62a1848,e561d2e62a18ec,b561d2e62a1480
c561d2e62a1eac,e561d2e62a1f51,b561d2e62a1ae9
c561d2e62a2527,e561d2e62a25d1,b561d2e62a214d
c561d2e62a2b7e,e561d2e62a2c28,b561d2e62a27d4
c561d2e62a31bf,e561d2e62a326c,b561d2e62a2e24
c561d2e62a382e,e561d2e62a38da,b561d2e62a3479
c561d2e62a3ea5,e561d2e62a3f53,b561d2e62a3ae8
c561d2e62a450a,e561d2e62a45b7,b561d2e62a4165
c561d2e62a4df0,e561d2e62a4e9d,b561d2e62a47bf
c561d2e62a544e,e561d2e62a54f2,b561d2e62a50a5
c561d2e62a5ab3,e561d2e62a5b6a,b561d2e62a56fa
c561d2e62a6117,e561d2e62a61ba,b561d2e62a5d72
c561d2e62a67a4,e561d2e62a6851,b561d2e62a63b8
c561d2e62a6e02,e561d2e62a6ea6,b561d2e62a6a68
c561d2e62a7453,e561d2e62a74ff,b561d2e62a70a9
c561d2e62a7aab,e561d2e62a7b59,b561d2e62a76fd
c561d2e62a8110,e561d2e62a81be,b561d2e62a7d62
c561d2e62a877a,e561d2e62a8829,b561d2e62a83c6
c561d2e62a8e0b,e561d2e62a8eb0,b561d2e62a8a43
c561d2e62a9475,e561d2e62a9522,b561d2e62a90be
c561d2e62a9aed,e561d2e62a9ba1,b561d2e62a971f
c561d2e62aa160,e561d2e62aa218,b561d2e62a9db2
c561d2e62aa7db,e561d2e62aa886,b561d2e62aa420
c561d2e62aae42,e561d2e62aaef1,b561d2e62aaa84
c561d2e62ab4b0,e561d2e62ab55e,b561d2e62ab0fc
c561d2e62abb02,e561d2e62abba8,b561d2e62ab776
c561d2e62ac13f,e561d2e62ac1e1,b561d2e62abda3
c561d2e62ac76c,e561d2e62ac819,b561d2e62ac3e4
c561d2e62acdbb,e561d2e62ace6e,b561d2e62aca16
c561d2e62ad40e,e561d2e62ad4b8,b561d2e62ad06c
c561d2e62ada65,e561d2e62adaf1,b561d2e62ad6b8
c561d2e62ae0a0,e561d2e62ae143,b561d2e62adcf2
c561d2e62ae6a9,e561d2e62ae76a,b561d2e62ae346
c561d2e62aed4f,e561d2e62aedfc,b561d2e62ae9a0
c561d2e62af3a3,e561d2e62af448,b561d2e62aeffa
c561d2e62af9fe,e561d2e62afaa2,b561d2e62af64e
c561d2e62b0061,e561d2e62b010f,b561d2e62afcb3
c561d2e62b06b6,e561d2e62b0759,b561d2e62b030c
c561d2e62b0d01,e561d2e62b0da4,b561d2e62b0957
c561d2e62b136f,e561d2e62b1418,b561d2e62b0fac
c561d2e62b19ba,e561d2e62b1a66,b561d2e62b1610
c561d2e62b200e,e561d2e62b20bc,b561d2e62b1c64
c561d2e62b2634,e561d2e62b26e2,b561d2e62b22c3
c561d2e62b2cbd,e561d2e62b2d61,b561d2e62b28d9
c561d2e62b330c,e561d2e62b33ba,b561d2e62b2f67
c561d2e62b3961,e561d2e62b3a11,b561d2e62b35c2
c561d2e62b3fb6,e561d2e62b4059,b561d2e62b3c0d
c561d2e62b4615,e561d2e62b46b8,b561d2e62b4261
c561d2e62b4c5f,e561d2e62b4d17,b561d2e62b48ba
c561d2e62b52d8,e561d2e62b5385,b561d2e62b4f1f
c561d2e62b5923,e561d2e62b59cf,b561d2e62b5583
c561d2e62b5f7c,e561d2e62b6020,b561d2e62b5bcd
c561d2e62b65c2,e561d2e62b6667,b561d2e62b621e
c561d2e62b6c04,e561d2e62b6caf,b561d2e62b6863
c561d2e62b7252,e561d2e62b72fd,b561d2e62b6ea3
c561d2e62b78ae,e561d2e62b795b,b561d2e62b7507
c561d2e62b7f05,e561d2e62b7fa9,b561d2e62b7b58
c561d2e62b8564,e561d2e62b8608,b561d2e62b81ad
c561d2e62b8baf,e561d2e62b8c5c,b561d2e62b8807
c561d2e62b91ff,e561d2e62b92ac,b561d2e62b8e5a
c561d2e62b984a,e561d2e62b98f6,b561d2e62b94a0
c561d2e62b9e99,e561d2e62b9f46,b561d2e62b9af4
c561d2e62ba4f3,e561d2e62ba5a0,b561d2e62ba144
c561d2e62bab50,e561d2e62babe3,b561d2e62ba7a3
c561d2e62bb176,e561d2e62bb218,b561d2e62badc5
c561d2e62bb7c9,e561d2e62bb86c,b561d2e62bb415
c561d2e62bbe1e,e561d2e62bbed4,b561d2e62bba78
c561d2e62bc486,e561d2e62bc529,b561d2e62bc0d2
c561d2e62bcad1,e561d2e62bcb74,b561d2e62bc727
c561d2e62bd11b,e561d2e62bd1be,b561d2e62bcd7b
c561d2e62bd770,e561d2e62bd81d,b561d2e62bd3c1
c561d2e62bddc5,e561d2e62bde69,b561d2e62bda25
c561d2e62be415,e561d2e62be4b9,b561d2e62be068
c561d2e62bea64,e561d2e62beb17,b561d2e62be6b0
c561d2e62bf0fb,e561d2e62bf19e,b561d2e62bed42
c561d2e62bf73b,e561d2e62bf7e9,b561d2e62bf39c
c561d2e62bfd95,e561d2e62bfe39,b561d2e62bf9f3
c561d2e62c03f6,e561d2e62c04a1,b561d2e62c0049
c561d2e62c0a4e,e561d2e62c0af1,b561d2e62c069a
c561d2e62c1099,e561d2e62c113c,b561d2e62c0cef
c561d2e62c16e3,e561d2e62c1788,b561d2e62c1339
c561d2e62c1d38,e561d2e62c1ddb,b561d2e62c1989
c561d2e62c23ac,e561d2e62c2458,b561d2e62c1fd9
c561d2e62c2a05,e561d2e62c2aa9,b561d2e62c2652
c561d2e62c3045,e561d2e62c30ef,b561d2e62c2c97
c561d2e62c36a8,e561d2e62c374d,b561d2e62c32f5
c561d2e62c3cea,e561d2e62c3d8e,b561d2e62c3955
c561d2e62c433f,e561d2e62c43e2,b561d2e62c3fa5
c561d2e62c4993,e561d2e62c4a37,b561d2e62c45da
c561d2e62c4fe4,e561d2e62c5091,b561d2e62c4c34
c561d2e62c5642,e561d2e62c56f0,b561d2e62c528f
c561d2e62c5ca6,e561d2e62c5d6b,b561d2e62c58f2
c561d2e62c630a,e561d2e62c63b8,b561d2e62c5f66
c561d2e62c6969,e561d2e62c6a0c,b561d2e62c65c6
c561d2e62c6fb9,e561d2e62c705c,b561d2e62c6c14
c561d2e62c75fb,e561d2e62c76a6,b561d2e62c725f
c561d2e62c7c58,e561d2e62c7cfb,b561d2e62c78ae
c561d2e62c82a3,e561d2e62c8347,b561d2e62c7efa
c561d2e62c88d9,e561d2e62c897c,b561d2e62c854d
c561d2e62c8f38,e561d2e62c8fe0,b561d2e62c8b84
c561d2e62c959d,e561d2e62c9640,b561d2e62c91e8
c561d2e62c9bee,e561d2e62c9c90,b561d2e62c9847
c561d2e62ca237,e561d2e62ca2ed,b561d2e62c9e92
c561d2e62ca8aa,e561d2e62ca94d,b561d2e62ca4fc
c561d2e62caef4,e561d2e62cafa1,b561d2e62cab4a
c561d2e62cb540,e561d2e62cb5eb,b561d2e62cb1a9
c561d2e62cbb93,e561d2e62cbc41,b561d2e62cb7ee
c561d2e62cc1e8,e561d2e62cc28a,b561d2e62cbe39
c561d2e62cc7d7,e561d2e62cc878,b561d2e62cc489
c561d2e62cce12,e561d2e62ccebb,b561d2e62cca73
c561d2e62cd471,e561d2e62cd51e,b561d2e62cd0b8
c561d2e62cdaca,e561d2e62cdb6f,b561d2e62cd712
c561d2e62ce11b,e561d2e62ce1bd,b561d2e62cdd77
c561d2e62ce75c,e561d2e62ce7fa,b561d2e62ce3c1
c561d2e62ced9b,e561d2e62cee42,b561d2e62ce9f9
c561d2e62cf40a,e561d2e62cf4ad,b561d2e62cf047
c561d2e62cfa5e,e561d2e62cfb0b,b561d2e62cf6aa
c561d2e62d00a4,e561d2e62d0152,b561d2e62cfd0a
c561d2e62d0703,e561d2e62d07a5,b561d2e62d0352
c561d2e62d0d58,e561d2e62d0dfa,b561d2e62d09a0
c561d2e62d13a2,e561d2e62d1454,b561d2e62d1008
c561d2e62d1a07,e561d2e62d1ab3,b561d2e62d165a
c561d2e62d2065,e561d2e62d2113,b561d2e62d1cb1
c561d2e62d26b4,e561d2e62d2758,b561d2e62d231b
c561d2e62d2d1a,e561d2e62d2dbd,b561d2e62d297a
c561d2e62d3381,e561d2e62d3425,b561d2e62d2fc9
c561d2e62d39d2,e561d2e62d3a75,b561d2e62d3623
c561d2e62d4031,e561d2e62d40d9,b561d2e62d3c82
c561d2e62d4690,e561d2e62d4734,b561d2e62d42d7
c561d2e62d4d02,e561d2e62d4db0,b561d2e62d493b
c561d2e62d5358,e561d2e62d53fb,b561d2e62d4faf
c561d2e62d59ad,e561d2e62d5a5a,b561d2e62d5608
c561d2e62d6007,e561d2e62d60ab,b561d2e62d5c58
c561d2e62d665b,e561d2e62d6701,b561d2e62d62a7
c561d2e62d6cc4,e561d2e62d6d72,b561d2e62d6915
c561d2e62d731e,e561d2e62d73d1,b561d2e62d6f6f
c561d2e62d797b,e561d2e62d7a24,b561d2e62d75ce
c561d2e62d7f99,e561d2e62d803b,b561d2e62d7c11
c561d2e62d85cb,e561d2e62d868c,b561d2e62d8233
c561d2e62d8c43,e561d2e62d8cee,b561d2e62d8894
c561d2e62d929d,e561d2e62d934a,b561d2e62d8ee4
c561d2e62d98f7,e561d2e62d999a,b561d2e62d9547
c561d2e62d9f50,e561d2e62d9ffd,b561d2e62d9ba1
c561d2e62da5c4,e561d2e62da671,b561d2e62da206
c561d2e62dac1e,e561d2e62dacc2,b561d2e62da86f
c561d2e62db278,e561d2e62db326,b561d2e62daec9
c561d2e62db8c4,e561d2e62db970,b561d2e62db528
c561d2e62dbf2b,e561d2e62dbfd0,b561d2e62dbb78
c561d2e62dc58f,e561d2e62dc63e,b561d2e62dc1e1
c561d2e62dcbe7,e561d2e62dcc92,b561d2e62dc840
c561d2e62dd234,e561d2e62dd2d7,b561d2e62dce8f
c561d2e62dd883,e561d2e62dd928,b561d2e62dd4da
c561d2e62ddee8,e561d2e62ddf8c,b561d2e62ddb2e
c561d2e62de4f9,e561d2e62de5a8,b561d2e62de18d
c561d2e62deb59,e561d2e62debfc,b561d2e62de7af
c561d2e62df1a8,e561d2e62df24c,b561d2e62dedfa
c561d2e62df808,e561d2e62df8ba,b561d2e62df455
c561d2e62dfe75,e561d2e62dff23,b561d2e62dfab8
c561d2e62e04df,e561d2e62e058d,b561d2e62e0117
c561d2e62e0b4d,e561d2e62e0bf1,b561d2e62e079f
c561d2e62e1194,e561d2e62e122a,b561d2e62e0df8
c561d2e62e17c9,e561d2e62e1876,b561d2e62e142a
c561d2e62e1e28,e561d2e62e1ecc,b561d2e62e1a73
c561d2e62e247d,e561d2e62e2530,b561d2e62e20cd
c561d2e62e2adc,e561d2e62e2b8d,b561d2e62e272d
c561d2e62e313a,e561d2e62e31de,b561d2e62e2d86
c561d2e62e3794,e561d2e62e3838,b561d2e62e33e6
c561d2e62e3dcc,e561d2e62e3e78,b561d2e62e3a30
c561d2e62e4414,e561d2e62e44c2,b561d2e62e4061
c561d2e62e4a6a,e561d2e62e4b0d,b561d2e62e46c0
c561d2e62e50e2,e561d2e62e5199,b561d2e62e4d0a
c561d2e62e576a,e561d2e62e5817,b561d2e62e53cb
c561d2e62e5dce,e561d2e62e5e71,b561d2e62e5a1b
c561d2e62e6432,e561d2e62e64d5,b561d2e62e606f
c561d2e62e6a72,e561d2e62e6b25,b561d2e62e66d8
c561d2e62e70bf,e561d2e62e716b,b561d2e62e6d22
c561d2e62e771c,e561d2e62e77ca,b561d2e62e7368
c561d2e62e7d85,e561d2e62e7e32,b561d2e62e79d6
c561d2e62e83e4,e561d2e62e8487,b561d2e62e8038
c561d2e62e8a2f,e561d2e62e8ad1,b561d2e62e8685
c561d2e62e9089,e561d2e62e9136,b561d2e62e8cda
c561d2e62e96d8,e561d2e62e9790,b561d2e62e9334
c561d2e62e9d3c,e561d2e62e9de0,b561d2e62e998d
c561d2e62ea3a5,e561d2e62ea452,b561d2e62e9fed
c561d2e62eaa04,e561d2e62eaaa8,b561d2e62ea651
c561d2e62eb069,e561d2e62eb10d,b561d2e62eacba
c561d2e62eb6be,e561d2e62eb76a,b561d2e62eb30b
c561d2e62ebd21,e561d2e62ebdc4,b561d2e62eb96d
c561d2e62ec367,e561d2e62ec415,b561d2e62ebfc2
c561d2e62ec9c5,e561d2e62eca7b,b561d2e62ec612
c561d2e62ecff7,e561d2e62ed09a,b561d2e62ecc84
c561d2e62ed63d,e561d2e62ed6ee,b561d2e62ed2a2
c561d2e62edc81,e561d2e62edd2f,b561d2e62ed8f1
c561d2e62ee2d6,e561d2e62ee379,b561d2e62edf31
c561d2e62ee92b,e561d2e62ee9d0,b561d2e62ee578
c561d2e62eef8a,e561d2e62ef02e,b561d2e62eebd7
c561d2e62ef5f3,e561d2e62ef697,b561d2e62ef247
c561d2e62efc71,e561d2e62efd14,b561d2e62ef8ad
c561d2e62f027e,e561d2e62f0321,b561d2e62efecf
c561d2e62f08c9,e561d2e62f097b,b561d2e62f052f
c561d2e62f0ec7,e561d2e62f0f6b,b561d2e62f0b6f
c561d2e62f150d,e561d2e62f15b1,b561d2e62f1168
c561d2e62f1b70,e561d2e62f1c14,b561d2e62f17cc
c561d2e62f21c2,e561d2e62f226f,b561d2e62f1e26
c561d2e62f281a,e561d2e62f28be,b561d2e62f246b
c561d2e62f2e74,e561d2e62f2f21,b561d2e62f2aba
c561d2e62f34ce,e561d2e62f3570,b561d2e62f3128
c561d2e62f3b1d,e561d2e62f3bd9,b561d2e62f3779
c561d2e62f418e,e561d2e62f4238,b561d2e62f3dd2
c561d2e63005c4,e561d2e6300671,b561d2e63001f6
c561d2e6300c38,e561d2e6300ce4,b561d2e630087e
c561d2e630128b,e561d2e630133a,b561d2e6300eec
c561d2e6301909,e561d2e63019ad,b561d2e6301541
c561d2e6301f69,e561d2e6302017,b561d2e6301bbb
c561d2e63025e2,e561d2e630268e,b561d2e630221e
c561d2e6302c5a,e561d2e6302d06,b561d2e63028ab
c561d2e63032cc,e561d2e630336f,b561d2e6302f14
c561d2e63038f9,e561d2e63039a8,b561d2e6303578
c561d2e6303f6c,e561d2e630401a,b561d2e6303bbd
c561d2e63045d0,e561d2e630467e,b561d2e6304221
c561d2e6304c43,e561d2e6304ce8,b561d2e6304896
c561d2e63052b3,e561d2e630535f,b561d2e6304f03
c561d2e63058f7,e561d2e63059a4,b561d2e6305567
c561d2e6305f70,e561d2e6306018,b561d2e6305bac
c561d2e63065e8,e561d2e6306695,b561d2e630622f
c561d2e6306c56,e561d2e6306d03,b561d2e630689e
c561d2e63072ba,e561d2e6307367,b561d2e6306f01
c561d2e6307938,e561d2e63079c3,b561d2e6307570
c561d2e6307f7d,e561d2e6308035,b561d2e6307bd9
c561d2e63085e2,e561d2e6308694,b561d2e630823d
c561d2e6308c5a,e561d2e6308d08,b561d2e63088a1
c561d2e63092d2,e561d2e6309380,b561d2e6308f1e
c561d2e6309931,e561d2e63099de,b561d2e6309582
c561d2e6309f8b,e561d2e630a02f,b561d2e6309be6
c561d2e630a5e0,e561d2e630a68d,b561d2e630a22c
c561d2e630ac3a,e561d2e630acf2,b561d2e630a895
c561d2e630b299,e561d2e630b346,b561d2e630aef4
c561d2e630b908,e561d2e630b9b4,b561d2e630b553
c561d2e630bfa3,e561d2e630c050,b561d2e630bbd0
c561d2e630c602,e561d2e630c6be,b561d2e630c25d
c561d2e630cc6e,e561d2e630cd0a,b561d2e630c8b7
c561d2e630d2bf,e561d2e630d363,b561d2e630cf11
c561d2e630d919,e561d2e630d9c7,b561d2e630d567
c561d2e630df8d,e561d2e630e031,b561d2e630dbca
c561d2e630e5e7,e561d2e630e68b,b561d2e630e238
c561d2e630ec4c,e561d2e630ecf8,b561d2e630e892
c561d2e630f2be,e561d2e630f373,b561d2e630ef0f
c561d2e630f914,e561d2e630f9c0,b561d2e630f56e
c561d2e630ff7c,e561d2e6310029,b561d2e630fbc8
c561d2e63105d7,e561d2e631067a,b561d2e6310231
c561d2e6310c3a,e561d2e6310cde,b561d2e6310881
c561d2e6311294,e561d2e63112f5,b561d2e6310eea
c561d2e63118a7,e561d2e631194a,b561d2e63114fb
c561d2e6311ef6,e561d2e6311fa9,b561d2e6311b5c
c561d2e631256f,e561d2e631261c,b561d2e63121a6
c561d2e6312bc4,e561d2e6312c71,b561d2e6312819
c561d2e631321f,e561d2e63132c1,b561d2e6312e78
c561d2e6313887,e561d2e631392a,b561d2e63134d7
c561d2e6313ed2,e561d2e6313f7e,b561d2e6313b31
c561d2e6314535,e561d2e63145d7,b561d2e631417b
c561d2e6314b84,e561d2e6314c32,b561d2e63147e0
c561d2e63151fd,e561d2e63152a0,b561d2e6314e44
c561d2e631584c,e561d2e63158f0,b561d2e631549e
c561d2e6315eb1,e561d2e6315f55,b561d2e6315afd
c561d2e6316500,e561d2e63165b3,b561d2e6316157
c561d2e6316b69,e561d2e6316c0c,b561d2e63167bb
c561d2e63171c3,e561d2e6317266,b561d2e6316e0a
c561d2e6317813,e561d2e63178b6,b561d2e6317470
c561d2e6317fd7,e561d2e631807d,b561d2e6317ac8
c561d2e6318605,e561d2e63186b0,b561d2e6318275
c561d2e6318c4b,e561d2e6318cee,b561d2e63188b6
c561d2e6319220,e561d2e63192ce,b561d2e6318ee1
c561d2e6319854,e561d2e63198fa,b561d2e63194c6
c561d2e6319e76,e561d2e6319f16,b561d2e6319ae8
c561d2e631a4c5,e561d2e631a56a,b561d2e631a10c
c561d2e631ab25,e561d2e631abc3,b561d2e631a776
c561d2e631b16e,e561d2e631b21c,b561d2e631adbf
c561d2e631b81f,e561d2e631b8cf,b561d2e631b45e
c561d2e631be7e,e561d2e631bf65,b561d2e631bad9
c561d2e631c538,e561d2e631c5dc,b561d2e631c173
c561d2e631cb83,e561d2e631cc30,b561d2e631c7da
c561d2e631d1e7,e561d2e631d294,b561d2e631ce3b
c561d2e631d83c,e561d2e631d8e9,b561d2e631d497
c561d2e631dea0,e561d2e631df44,b561d2e631dae7
c561d2e631e4e1,e561d2e631e584,b561d2e631e141
c561d2e631eb3f,e561d2e631ebed,b561d2e631e792
c561d2e631f1b3,e561d2e631f263,b561d2e631edfa
c561d2e631f7f4,e561d2e631f898,b561d2e631f436
c561d2e631fe39,e561d2e631fedd,b561d2e631fa9e
c561d2e632048e,e561d2e6320531,b561d2e63200fc
c561d2e6320af2,e561d2e6320b9f,b561d2e632073d
c561d2e6321137,e561d2e63211dd,b561d2e6320d83
c561d2e6321791,e561d2e6321835,b561d2e63213e7
c561d2e6321de1,e561d2e6321e85,b561d2e6321a37
c561d2e6322430,e561d2e63224d3,b561d2e632208b
c561d2e6322a92,e561d2e6322b3d,b561d2e63226d6
c561d2e6323108,e561d2e63231ab,b561d2e6322d49
c561d2e632374c,e561d2e63237f1,b561d2e63233ad
c561d2e6323db1,e561d2e6323e55,b561d2e63239f8
c561d2e63243fb,e561d2e63244a9,b561d2e632405c
c561d2e6324a55,e561d2e6324b08,b561d2e63246b2
c561d2e63250c9,e561d2e6325176,b561d2e6324d0f
c561d2e6325732,e561d2e63257d5,b561d2e6325387
c561d2e6325d82,e561d2e6325e25,b561d2e63259dd
c561d2e63263dc,e561d2e6326488,b561d2e632602c
c561d2e6326a3c,e561d2e6326ae7,b561d2e6326686
c561d2e632709e,e561d2e632714c,b561d2e6326cef
c561d2e63276fd,e561d2e63277a6,b561d2e6327359
c561d2e6327d61,e561d2e6327e06,b561d2e63279ad
c561d2e63283a2,e561d2e632847d,b561d2e632800c
c561d2e6328a33,e561d2e6328ae1,b561d2e632867b
c561d2e6329092,e561d2e632913c,b561d2e6328ced
c561d2e63296f1,e561d2e6329795,b561d2e6329342
c561d2e6329ede,e561d2e6329f8b,b561d2e6329b2c
c561d2e632a8d6,e561d2e632a97b,b561d2e632a190
c561d2e632af36,e561d2e632afea,b561d2e632ab88
c561d2e632b595,e561d2e632b63a,b561d2e632b1e6
c561d2e632bbfe,e561d2e632bca2,b561d2e632b836
c561d2e632c258,e561d2e632c300,b561d2e632be9f
c561d2e632c884,e561d2e632c934,b561d2e632c4f9
c561d2e632ced9,e561d2e632cf86,b561d2e632cb3a
c561d2e632d529,e561d2e632d5d6,b561d2e632d180
c561d2e632db93,e561d2e632dc3f,b561d2e632d7e6
c561d2e632e1f1,e561d2e632e295,b561d2e632de3d
c561d2e632e84b,e561d2e632e8ee,b561d2e632e492
c561d2e632eea5,e561d2e632eff9,b561d2e632eaf8
c561d2e632f5b6,e561d2e632f663,b561d2e632f20c
c561d2e632fc1f,e561d2e632fccc,b561d2e632f86b
c561d2e6330289,e561d2e6330336,b561d2e632fed0
c561d2e63308d8,e561d2e633098f,b561d2e6330528
c561d2e6330f32,e561d2e6330fd6,b561d2e6330b8d
c561d2e6331596,e561d2e6331643,b561d2e63311dd
c561d2e6331c0a,e561d2e6331cb6,b561d2e6331860
c561d2e633227c,e561d2e6332321,b561d2e6331ecd
c561d2e63328a8,e561d2e6332955,b561d2e633251d
c561d2e6332f07,e561d2e6332fb5,b561d2e6332b5e
c561d2e6333566,e561d2e633361e,b561d2e63331c1
c561d2e6333bbc,e561d2e6333c63,b561d2e6333821
c561d2e6334214,e561d2e63342b8,b561d2e6333e6c
c561d2e633480e,e561d2e63348b1,b561d2e63344bc
c561d2e6334e78,e561d2e6334f24,b561d2e6334acd
c561d2e63354e3,e561d2e633558e,b561d2e6335122
c561d2e6335b4e,e561d2e6335bfb,b561d2e633579b
c561d2e63361bd,e561d2e6336260,b561d2e6335e0e
c561d2e6336833,e561d2e63368e2,b561d2e6336473
c561d2e6336e8a,e561d2e6336f37,b561d2e6336ae0
c561d2e63374b5,e561d2e6337569,b561d2e633713f
c561d2e6337b15,e561d2e6337bc7,b561d2e6337770
c561d2e6338183,e561d2e6338230,b561d2e6337dca
c561d2e63387ec,e561d2e6338877,b561d2e633842a
c561d2e6338e27,e561d2e6338ecb,b561d2e6338a83
c561d2e6339472,e561d2e6339516,b561d2e63390be
c561d2e6339abc,e561d2e6339b60,b561d2e633971d
c561d2e633a112,e561d2e633a1b6,b561d2e6339d62
c561d2e633a770,e561d2e633a81f,b561d2e633a3c1
c561d2e633adca,e561d2e633ae6d,b561d2e633aa1b
c561d2e633b42e,e561d2e633b4db,b561d2e633b06b
c561d2e633ba83,e561d2e633bb30,b561d2e633b6d9
c561d2e633c0e2,e561d2e633c18f,b561d2e633bd29
c561d2e633c73c,e561d2e633c7e9,b561d2e633c397
c561d2e633cd95,e561d2e633ce39,b561d2e633c9e1
c561d2e633d3e5,e561d2e633d488,b561d2e633d040
c561d2e633da4a,e561d2e633daf7,b561d2e633d690
c561d2e633e099,e561d2e633e13c,b561d2e633dcea
c561d2e633e6ee,e561d2e633e79b,b561d2e633e344
c561d2e633ed57,e561d2e633ee05,b561d2e633e9a8
c561d2e633f3cb,e561d2e633f477,b561d2e633f002
c561d2e633fa39,e561d2e633fae2,b561d2e633f67f
c561d2e63400a2,e561d2e6340159,b561d2e633fcf3
c561d2e63406fe,e561d2e63407b1,b561d2e6340360
c561d2e6340d83,e561d2e6340e26,b561d2e6340993
c561d2e63413d8,e561d2e6341485,b561d2e6341024
c561d2e6341a46,e561d2e6341aef,b561d2e6341697
c561d2e63420a0,e561d2e634214d,b561d2e6341cec
c561d2e63426fa,e561d2e63427a7,b561d2e634234b
c561d2e6342d54,e561d2e6342e01,b561d2e63429af
c561d2e63433c9,e561d2e6343474,b561d2e6343018
c561d2e6343a26,e561d2e6343ab4,b561d2e6343671
c561d2e634405c,e561d2e6344101,b561d2e6343cb3
c561d2e63446b6,e561d2e634475a,b561d2e6344303
c561d2e6344cd3,e561d2e6344d77,b561d2e634495c
c561d2e634533b,e561d2e63453e9,b561d2e6344f83
c561d2e63459a0,e561d2e6345a43,b561d2e63455e7
c561d2e6346009,e561d2e63460c0,b561d2e6345c4b
c561d2e634666d,e561d2e6346710,b561d2e63462d3
c561d2e6346cc6,e561d2e6346d69,b561d2e634690d
c561d2e6347321,e561d2e63473c5,b561d2e6346f7c
c561d2e6347976,e561d2e6347a23,b561d2e63475c6
c561d2e6347ff8,e561d2e634809b,b561d2e6347c21
c561d2e634864d,e561d2e63486f0,b561d2e6348299
c561d2e6348cda,e561d2e6348d97,b561d2e634891e
c561d2e6349359,e561d2e6349404,b561d2e6348f99
c561d2e63499b1,e561d2e6349a54,b561d2e63495fe
c561d2e6349ffb,e561d2e634a09e,b561d2e6349c62
c561d2e634a6a4,e561d2e634a746,b561d2e634a2a2
c561d2e634acec,e561d2e634ad91,b561d2e634a94d
c561d2e634b35b,e561d2e634b3fe,b561d2e634af8e
c561d2e634b9bf,e561d2e634ba6c,b561d2e634b605
c561d2e634bfdb,e561d2e634c07f,b561d2e634bc32
c561d2e634c63a,e561d2e634c6dd,b561d2e634c27c
c561d2e634cc7a,e561d2e634cd2a,b561d2e634c8db
c561d2e634d307,e561d2e634d3b1,b561d2e634cf4f
c561d2e634d976,e561d2e634da1a,b561d2e634d5ad
c561d2e634dfd6,e561d2e634e083,b561d2e634dc22
c561d2e634e658,e561d2e634e705,b561d2e634e28c
c561d2e634ecbb,e561d2e634ed69,b561d2e634e90d
c561d2e634f32e,e561d2e634f3df,b561d2e634ef69
c561d2e634f98e,e561d2e634fa31,b561d2e634f5e9
c561d2e634ffda,e561d2e6350087,b561d2e634fc34
c561d2e6350647,e561d2e63506eb,b561d2e635028e
c561d2e6350c3f,e561d2e6350cec,b561d2e63508d8
c561d2e63512a8,e561d2e6351356,b561d2e6350ef9
c561d2e6351918,e561d2e63519c4,b561d2e6351567
c561d2e6351f7b,e561d2e6352028,b561d2e6351bcc
