b561d2e627efd2,d561d2e627f0cc,f561d2e627f17a,g561d2e627f1d1,c561d2e627f378,e561d2e627f425,b561d2e627efd2
b561d2e627f632,d561d2e627f71f,f561d2e627f7d1,g561d2e627f823,c561d2e627f9ee,e561d2e627fa78,b561d2e627f632
b561d2e627fc52,d561d2e627fd50,f561d2e627fdfe,g561d2e627fe4c,c561d2e627fff0,e561d2e6280089,b561d2e627fc52
b561d2e6280284,d561d2e6280381,f561d2e6280422,g561d2e6280561,c561d2e6280707,e561d2e62807ab,b561d2e6280284
b561d2e628099a,d561d2e6280a9d,f561d2e6280b3b,g561d2e6280b8d,c561d2e6280d2c,e561d2e6280dcd,b561d2e628099a
b561d2e6280fb8,d561d2e62810b5,f561d2e6281158,g561d2e62811af,c561d2e6281346,e561d2e62813f4,b561d2e6280fb8
b561d2e62815dc,d561d2e62816d7,f561d2e6281780,g561d2e62817f7,c561d2e62819a7,e561d2e6281a55,b561d2e62815dc
b561d2e6281c56,d561d2e6281d47,f561d2e6281df8,g561d2e6281e50,c561d2e628200c,e561d2e62820bb,b561d2e6281c56
b561d2e62822c1,d561d2e62823bc,f561d2e6282467,g561d2e62824b5,c561d2e628266a,e561d2e628270e,b561d2e62822c1
b561d2e62828c9,d561d2e62829c4,f561d2e6282a70,g561d2e6282ac7,c561d2e6282c6d,e561d2e6282d1b,b561d2e62828c9
b561d2e6282f23,d561d2e628301c,f561d2e62830ca,g561d2e6283122,c561d2e62832d2,e561d2e6283376,b561d2e6282f23
b561d2e6283572,d561d2e6283678,f561d2e6283724,g561d2e628377a,c561d2e628392b,e561d2e62839d0,b561d2e6283572
b561d2e6283bdb,d561d2e6283cc0,f561d2e6283d6d,g561d2e6283dc5,c561d2e6283f6c,e561d2e628401e,b561d2e6283bdb
b561d2e628421c,d561d2e6284320,f561d2e62843c3,g561d2e6284419,c561d2e62845ca,e561d2e6284671,b561d2e628421c
b561d2e6284872,d561d2e6284975,f561d2e6284a27,g561d2e6284a69,c561d2e6284c0b,e561d2e6284cb1,b561d2e6284872
b561d2e6284eb6,d561d2e6284fba,f561d2e6285068,g561d2e62850bd,c561d2e628526f,e561d2e6285312,b561d2e6284eb6
b561d2e6285510,d561d2e628560d,f561d2e62856ae,g561d2e6285704,c561d2e62858b5,e561d2e6285959,b561d2e6285510
b561d2e6285b65,d561d2e6285c4b,f561d2e6285cfc,g561d2e6285d55,c561d2e6285f19,e561d2e6285fc7,b561d2e6285b65
b561d2e62861c4,d561d2e62862c7,f561d2e6286371,g561d2e62863c9,c561d2e628656e,e561d2e628661a,b561d2e62861c4
b561d2e6286818,d561d2e6286909,f561d2e62869b5,g561d2e6286a03,c561d2e6286bb2,e561d2e6286c5b,b561d2e6286818
b561d2e6286e59,d561d2e6286f63,f561d2e628700c,g561d2e6287063,c561d2e628721b,e561d2e62872c9,b561d2e6286e59
b561d2e62874d1,d561d2e62875d6,f561d2e628768d,g561d2e62876e3,c561d2e6287894,e561d2e6287937,b561d2e62874d1
b561d2e6287b40,d561d2e6287c3b,f561d2e6287ce7,g561d2e6287d3d,c561d2e6287ee4,e561d2e6287f91,b561d2e6287b40
b561d2e628819f,d561d2e628828f,f561d2e628833b,g561d2e6288392,c561d2e628854d,e561d2e62885f1,b561d2e628819f
b561d2e62887ee,d561d2e62888f7,f561d2e628899b,g561d2e62889f1,c561d2e6288bb1,e561d2e6288c5f,b561d2e62887ee
b561d2e6288e67,d561d2e6288f6b,f561d2e628900f,g561d2e6289064,c561d2e6289216,e561d2e62892ba,b561d2e6288e67
b561d2e62894c3,d561d2e62895bb,f561d2e6289667,g561d2e62896b6,c561d2e628986f,e561d2e6289914,b561d2e62894c3
b561d2e6289b24,d561d2e6289c28,f561d2e6289ccb,g561d2e6289d12,c561d2e6289ea4,e561d2e6289f40,b561d2e6289b24
b561d2e628a13c,d561d2e628a223,f561d2e628a2ca,g561d2e628a32c,c561d2e628a4e1,e561d2e628a584,b561d2e628a13c
b561d2e628a781,d561d2e628a882,f561d2e628a92e,g561d2e628a985,c561d2e628ab31,e561d2e628abd5,b561d2e628a781
b561d2e628ade0,d561d2e628aee4,f561d2e628af88,g561d2e628afde,c561d2e628b185,e561d2e628b23c,b561d2e628ade0
b561d2e628b43f,d561d2e628b530,f561d2e628b5dd,g561d2e628b632,c561d2e628b7e4,e561d2e628b887,b561d2e628b43f
b561d2e628ba85,d561d2e628bb7e,f561d2e628bc2d,g561d2e628bc82,c561d2e628be29,e561d2e628bec6,b561d2e628ba85
b561d2e628c0da,d561d2e628c1d4,f561d2e628c281,g561d2e628c2d7,c561d2e628c479,e561d2e628c52c,b561d2e628c0da
b561d2e628c72a,d561d2e628c82e,f561d2e628c8d2,g561d2e628c927,c561d2e628cad8,e561d2e628cb86,b561d2e628c72a
b561d2e628cd95,d561d2e628ce96,f561d2e628cf49,g561d2e628cf9f,c561d2e628d147,e561d2e628d1eb,b561d2e628cd95
b561d2e628d3ec,d561d2e628d4e5,f561d2e628d593,g561d2e628d5e1,c561d2e628d791,e561d2e628d834,b561d2e628d3ec
b561d2e628da41,d561d2e628db3a,f561d2e628dbde,g561d2e628dc34,c561d2e628dddd,e561d2e628de8e,b561d2e628da41
b561d2e628e0a0,d561d2e628e19b,f561d2e628e247,g561d2e628e29e,c561d2e628e45e,e561d2e628e50b,b561d2e628e0a0
b561d2e628e70a,d561d2e628e811,f561d2e628e8bf,g561d2e628e915,c561d2e628eabd,e561d2e628eb6a,b561d2e628e70a
b561d2e628ed73,d561d2e628ee6e,f561d2e628ef19,g561d2e628ef6f,c561d2e628f122,e561d2e628f1ce,b561d2e628ed73
b561d2e628f3cc,d561d2e628f4d0,f561d2e628f574,g561d2e628f5ca,c561d2e628f77a,e561d2e628f81f,b561d2e628f3cc
b561d2e628fa20,d561d2e628fb30,f561d2e628fbe2,g561d2e628fc38,c561d2e628fddf,e561d2e628fe83,b561d2e628fa20
b561d2e629008a,d561d2e6290199,f561d2e62902df,g561d2e629032a,c561d2e62905ae,e561d2e6290647,b561d2e629008a
b561d2e6290859,d561d2e629095c,f561d2e62909ff,g561d2e6290a55,c561d2e6290bfc,e561d2e6290caf,b561d2e6290859
b561d2e6290ead,d561d2e6290fb0,f561d2e629105e,g561d2e62910b5,c561d2e6291270,e561d2e6291314,b561d2e6290ead
b561d2e629151b,d561d2e629161f,f561d2e62916c3,g561d2e6291719,c561d2e62918bf,e561d2e629196d,b561d2e629151b
b561d2e6291b75,d561d2e6291c79,f561d2e6291d1c,g561d2e6291d72,c561d2e6291f23,e561d2e6291fe5,b561d2e6291b75
b561d2e6292211,d561d2e6292311,f561d2e62923b4,g561d2e6292409,c561d2e62925bb,e561d2e6292668,b561d2e6292211
b561d2e6292866,d561d2e6292973,f561d2e6292a17,g561d2e6292a78,c561d2e6292c1f,e561d2e6292ccc,b561d2e6292866
b561d2e6292ec9,d561d2e6292fd8,f561d2e629307c,g561d2e62930d4,c561d2e6293279,e561d2e6293326,b561d2e6292ec9
b561d2e6293529,d561d2e6293629,f561d2e62936d5,g561d2e629372b,c561d2e62938dc,e561d2e6293990,b561d2e6293529
b561d2e6293b94,d561d2e6293c8d,f561d2e6293d39,g561d2e6293d90,c561d2e6293f4b,e561d2e6293fee,b561d2e6293b94
b561d2e62941fb,d561d2e62942f5,f561d2e62943a7,g561d2e62943fe,c561d2e62945a5,e561d2e6294653,b561d2e62941fb
b561d2e629485b,d561d2e629495e,f561d2e6294a0c,g561d2e6294a62,c561d2e6294c09,e561d2e6294cb1,b561d2e629485b
b561d2e6294eba,d561d2e6294fb4,f561d2e6295070,g561d2e62950c7,c561d2e629527e,e561d2e6295322,b561d2e6294eba
b561d2e6295518,d561d2e6295613,f561d2e62956be,g561d2e6295715,c561d2e62958c6,e561d2e6295974,b561d2e6295518
b561d2e6295b71,d561d2e6295c71,f561d2e6295d13,g561d2e6295d75,c561d2e6295f21,e561d2e6295fd0,b561d2e6295b71
b561d2e62961e4,d561d2e62962e0,f561d2e629638c,g561d2e62963da,c561d2e6296589,e561d2e629662f,b561d2e62961e4
b561d2e6296835,d561d2e629692e,f561d2e62969d1,g561d2e6296a28,c561d2e6296bcf,e561d2e6296c7c,b561d2e6296835
b561d2e6296e7a,d561d2e6296f77,f561d2e6297027,g561d2e6297078,c561d2e629721f,e561d2e62972cc,b561d2e6296e7a
b561d2e62974d4,d561d2e62975d4,f561d2e6297680,g561d2e62976ce,c561d2e6297883,e561d2e6297931,b561d2e62974d4
b561d2e6297b38,d561d2e6297c3c,f561d2e6297ce9,g561d2e6297d37,c561d2e6297ef4,e561d2e6297f9e,b561d2e6297b38
b561d2e629819c,d561d2e6298296,f561d2e6298343,g561d2e629839a,c561d2e629854d,e561d2e62985f8,b561d2e629819c
b561d2e62987f6,d561d2e62988fa,f561d2e62989ad,g561d2e6298a03,c561d2e6298bc5,e561d2e6298c76,b561d2e62987f6
b561d2e6298e95,d561d2e6298f8d,f561d2e6299039,g561d2e6299087,c561d2e629922d,e561d2e62992da,b561d2e6298e95
b561d2e62994dd,d561d2e62995e3,f561d2e6299686,g561d2e62996db,c561d2e629988f,e561d2e6299934,b561d2e62994dd
b561d2e6299b46,d561d2e6299c40,f561d2e6299ced,g561d2e6299d44,c561d2e6299efa,e561d2e6299f9d,b561d2e6299b46
b561d2e629a196,d561d2e629a28f,f561d2e629a347,g561d2e629a39e,c561d2e629a559,e561d2e629a606,b561d2e629a196
b561d2e629a80e,d561d2e629a907,f561d2e629a9b6,g561d2e629aa0b,c561d2e629abb2,e561d2e629ac55,b561d2e629a80e
b561d2e629ae1f,d561d2e629af2a,f561d2e629afcc,g561d2e629b023,c561d2e629b1d5,e561d2e629b282,b561d2e629ae1f
b561d2e629b490,d561d2e629b593,f561d2e629b637,g561d2e629b68d,c561d2e629b83e,e561d2e629b8f5,b561d2e629b490
b561d2e629bafd,d561d2e629bc01,f561d2e629bcae,g561d2e629bd05,c561d2e629beca,e561d2e629bf6d,b561d2e629bafd
b561d2e629c16b,d561d2e629c275,f561d2e629c318,g561d2e629c36f,c561d2e629c514,e561d2e629c5c2,b561d2e629c16b
b561d2e629c7b6,d561d2e629c8b0,f561d2e629c95d,g561d2e629c9b3,c561d2e629cb5b,e561d2e629cc08,b561d2e629c7b6
b561d2e629ce15,d561d2e629cf0e,f561d2e629cfbc,g561d2e629d012,c561d2e629d1ba,e561d2e629d267,b561d2e629ce15
b561d2e629d45f,d561d2e629d569,f561d2e629d616,g561d2e629d66c,c561d2e629d82c,e561d2e629d8d0,b561d2e629d45f
b561d2e629dacd,d561d2e629dbdb,f561d2e629dc89,g561d2e629dce2,c561d2e629de87,e561d2e629df34,b561d2e629dacd
b561d2e629e13c,d561d2e629e240,f561d2e629e2f7,g561d2e629e345,c561d2e629e509,e561d2e629e5bb,b561d2e629e13c
b561d2e629e7b9,d561d2e629e8aa,f561d2e629e956,g561d2e629e9a4,c561d2e629eb64,e561d2e629ec07,b561d2e629e7b9
b561d2e629ee11,d561d2e629ef1c,f561d2e629efcf,g561d2e629f01c,c561d2e629f1cc,e561d2e629f279,b561d2e629ee11
b561d2e629f491,d561d2e629f594,f561d2e629f638,g561d2e629f68e,c561d2e629f835,e561d2e629f8e2,b561d2e629f491
b561d2e629faf0,d561d2e629fbf5,f561d2e629fc9e,g561d2e629fcf4,c561d2e629fea4,e561d2e629ff51,b561d2e629faf0
b561d2e62a014f,d561d2e62a024a,f561d2e62a02f6,g561d2e62a034c,c561d2e62a0507,e561d2e62a05b5,b561d2e62a014f
b561d2e62a07bd,d561d2e62a08c1,f561d2e62a096e,g561d2e62a09bc,c561d2e62a0b6b,e561d2e62a0c0f,b561d2e62a07bd
b561d2e62a0e16,d561d2e62a0f1c,f561d2e62a0fc9,g561d2e62a1026,c561d2e62a11da,e561d2e62a1282,b561d2e62a0e16
b561d2e62a1480,d561d2e62a158b,f561d2e62a1636,g561d2e62a168d,c561d2e62a1848,e561d2e62a18ec,b561d2e62a1480
b561d2e62a1ae9,d561d2e62a1bf2,f561d2e62a1ca5,g561d2e62a1cfb,c561d2e62a1eac,e561d2e62a1f51,b561d2e62a1ae9
b561d2e62a214d,d561d2e62a2256,f561d2e62a22fa,g561d2e62a2350,c561d2e62a2527,e561d2e62a25d1,b561d2e62a214d
b561d2e62a27d4,d561d2e62a28ce,f561d2e62a2973,g561d2e62a29c8,c561d2e62a2b7e,e561d2e62a2c28,b561d2e62a27d4
b561d2e62a2e24,d561d2e62a2f15,f561d2e62a2fc1,g561d2e62a300f,c561d2e62a31bf,e561d2e62a326c,b561d2e62a2e24
b561d2e62a3479,d561d2e62a3584,f561d2e62a362f,g561d2e62a3686,c561d2e62a382e,e561d2e62a38da,b561d2e62a3479
b561d2e62a3ae8,d561d2e62a3beb,f561d2e62a3c99,g561d2e62a3cf6,c561d2e62a3ea5,e561d2e62a3f53,b561d2e62a3ae8
b561d2e62a4165,d561d2e62a4260,f561d2e62a430c,g561d2e62a4363,c561d2e62a450a,e561d2e62a45b7,b561d2e62a4165
b561d2e62a47bf,d561d2e62a48b9,f561d2e62a4be0,g561d2e62a4c43,c561d2e62a4df0,e561d2e62a4e9d,b561d2e62a47bf
b561d2e62a50a5,d561d2e62a51a5,f561d2e62a5248,g561d2e62a529d,c561d2e62a544e,e561d2e62a54f2,b561d2e62a50a5
b561d2e62a56fa,d561d2e62a57fe,f561d2e62a58aa,g561d2e62a58f8,c561d2e62a5ab3,e561d2e62a5b6a,b561d2e62a56fa
b561d2e62a5d72,d561d2e62a5e63,f561d2e62a5f0f,g561d2e62a5f66,c561d2e62a6117,e561d2e62a61ba,b561d2e62a5d72
b561d2e62a63b8,d561d2e62a64d4,f561d2e62a6587,g561d2e62a65de,c561d2e62a67a4,e561d2e62a6851,b561d2e62a63b8
b561d2e62a6a68,d561d2e62a6b59,f561d2e62a6c05,g561d2e62a6c5c,c561d2e62a6e02,e561d2e62a6ea6,b561d2e62a6a68
b561d2e62a70a9,d561d2e62a71a3,f561d2e62a724f,g561d2e62a729d,c561d2e62a7453,e561d2e62a74ff,b561d2e62a70a9
b561d2e62a76fd,d561d2e62a77f7,f561d2e62a78a4,g561d2e62a78fe,c561d2e62a7aab,e561d2e62a7b59,b561d2e62a76fd
b561d2e62a7d62,d561d2e62a7e65,f561d2e62a7f09,g561d2e62a7f5f,c561d2e62a8110,e561d2e62a81be,b561d2e62a7d62
b561d2e62a83c6,d561d2e62a84cf,f561d2e62a857d,g561d2e62a85d2,c561d2e62a877a,e561d2e62a8829,b561d2e62a83c6
b561d2e62a8a43,d561d2e62a8b47,f561d2e62a8bf7,g561d2e62a8c51,c561d2e62a8e0b,e561d2e62a8eb0,b561d2e62a8a43
b561d2e62a90be,d561d2e62a91c6,f561d2e62a9278,g561d2e62a92ce,c561d2e62a9475,e561d2e62a9522,b561d2e62a90be
b561d2e62a971f,d561d2e62a9834,f561d2e62a98df,g561d2e62a9936,c561d2e62a9aed,e561d2e62a9ba1,b561d2e62a971f
b561d2e62a9db2,d561d2e62a9eb6,f561d2e62a9f59,g561d2e62a9faf,c561d2e62aa160,e561d2e62aa218,b561d2e62a9db2
b561d2e62aa420,d561d2e62aa510,f561d2e62aa5bc,g561d2e62aa5fc,c561d2e62aa7db,e561d2e62aa886,b561d2e62aa420
b561d2e62aaa84,d561d2e62aab8d,f561d2e62aac39,g561d2e62aac90,c561d2e62aae42,e561d2e62aaef1,b561d2e62aaa84
b561d2e62ab0fc,d561d2e62ab200,f561d2e62ab2ad,g561d2e62ab304,c561d2e62ab4b0,e561d2e62ab55e,b561d2e62ab0fc
b561d2e62ab776,d561d2e62ab867,f561d2e62ab90f,g561d2e62ab95e,c561d2e62abb02,e561d2e62abba8,b561d2e62ab776
b561d2e62abda3,d561d2e62abe9d,f561d2e62abf40,g561d2e62abf9c,c561d2e62ac13f,e561d2e62ac1e1,b561d2e62abda3
b561d2e62ac3e4,d561d2e62ac4ed,f561d2e62ac59a,g561d2e62ac5e8,c561d2e62ac76c,e561d2e62ac819,b561d2e62ac3e4
b561d2e62aca16,d561d2e62acb12,f561d2e62acbbd,g561d2e62acc0c,c561d2e62acdbb,e561d2e62ace6e,b561d2e62aca16
b561d2e62ad06c,d561d2e62ad15c,f561d2e62ad208,g561d2e62ad25f,c561d2e62ad40e,e561d2e62ad4b8,b561d2e62ad06c
b561d2e62ad6b8,d561d2e62ad7b1,f561d2e62ad859,g561d2e62ad8ae,c561d2e62ada65,e561d2e62adaf1,b561d2e62ad6b8
b561d2e62adcf2,d561d2e62addeb,f561d2e62ade99,g561d2e62adeef,c561d2e62ae0a0,e561d2e62ae143,b561d2e62adcf2
b561d2e62ae346,d561d2e62ae440,f561d2e62ae4e4,g561d2e62ae53a,c561d2e62ae6a9,e561d2e62ae76a,b561d2e62ae346
b561d2e62ae9a0,d561d2e62aeaa1,f561d2e62aeb4c,g561d2e62aeb9a,c561d2e62aed4f,e561d2e62aedfc,b561d2e62ae9a0
b561d2e62aeffa,d561d2e62af103,f561d2e62af1a5,g561d2e62af1fc,c561d2e62af3a3,e561d2e62af448,b561d2e62aeffa
b561d2e62af64e,d561d2e62af749,f561d2e62af7f5,g561d2e62af84c,c561d2e62af9fe,e561d2e62afaa2,b561d2e62af64e
b561d2e62afcb3,d561d2e62afdae,f561d2e62afe5a,g561d2e62afeb1,c561d2e62b0061,e561d2e62b010f,b561d2e62afcb3
b561d2e62b030c,d561d2e62b03fd,f561d2e62b04a9,g561d2e62b0505,c561d2e62b06b6,e561d2e62b0759,b561d2e62b030c
b561d2e62b0957,d561d2e62b0a57,f561d2e62b0b03,g561d2e62b0b51,c561d2e62b0d01,e561d2e62b0da4,b561d2e62b0957
b561d2e62b0fac,d561d2e62b10b0,f561d2e62b115d,g561d2e62b11b4,c561d2e62b136f,e561d2e62b1418,b561d2e62b0fac
b561d2e62b1610,d561d2e62b170b,f561d2e62b17b7,g561d2e62b1805,c561d2e62b19ba,e561d2e62b1a66,b561d2e62b1610
b561d2e62b1c64,d561d2e62b1d6e,f561d2e62b1e10,g561d2e62b1e67,c561d2e62b200e,e561d2e62b20bc,b561d2e62b1c64
b561d2e62b22c3,d561d2e62b23b4,f561d2e62b2460,g561d2e62b24b7,c561d2e62b2634,e561d2e62b26e2,b561d2e62b22c3
b561d2e62b28d9,d561d2e62b2a12,f561d2e62b2abf,g561d2e62b2b16,c561d2e62b2cbd,e561d2e62b2d61,b561d2e62b28d9
b561d2e62b2f67,d561d2e62b3063,f561d2e62b310e,g561d2e62b3166,c561d2e62b330c,e561d2e62b33ba,b561d2e62b2f67
b561d2e62b35c2,d561d2e62b36c1,f561d2e62b3765,g561d2e62b37ba,c561d2e62b3961,e561d2e62b3a11,b561d2e62b35c2
b561d2e62b3c0d,d561d2e62b3d06,f561d2e62b3dae,g561d2e62b3e05,c561d2e62b3fb6,e561d2e62b4059,b561d2e62b3c0d
b561d2e62b4261,d561d2e62b436a,f561d2e62b4411,g561d2e62b4463,c561d2e62b4615,e561d2e62b46b8,b561d2e62b4261
b561d2e62b48ba,d561d2e62b49b6,f561d2e62b4a61,g561d2e62b4ab0,c561d2e62b4c5f,e561d2e62b4d17,b561d2e62b48ba
b561d2e62b4f1f,d561d2e62b5023,f561d2e62b50d0,g561d2e62b5120,c561d2e62b52d8,e561d2e62b5385,b561d2e62b4f1f
b561d2e62b5583,d561d2e62b5682,f561d2e62b5726,g561d2e62b577b,c561d2e62b5923,e561d2e62b59cf,b561d2e62b5583
b561d2e62b5bcd,d561d2e62b5cd2,f561d2e62b5d7f,g561d2e62b5dcd,c561d2e62b5f7c,e561d2e62b6020,b561d2e62b5bcd
b561d2e62b621e,d561d2e62b6318,f561d2e62b63c4,g561d2e62b641a,c561d2e62b65c2,e561d2e62b6667,b561d2e62b621e
b561d2e62b6863,d561d2e62b694f,f561d2e62b69ec,g561d2e62b6a46,c561d2e62b6c04,e561d2e62b6caf,b561d2e62b6863
b561d2e62b6ea3,d561d2e62b6fa7,f561d2e62b704b,g561d2e62b70a0,c561d2e62b7252,e561d2e62b72fd,b561d2e62b6ea3
b561d2e62b7507,d561d2e62b7601,f561d2e62b76a6,g561d2e62b76fa,c561d2e62b78ae,e561d2e62b795b,b561d2e62b7507
b561d2e62b7b58,d561d2e62b7c5b,f561d2e62b7cfd,g561d2e62b7d54,c561d2e62b7f05,e561d2e62b7fa9,b561d2e62b7b58
b561d2e62b81ad,d561d2e62b82b2,f561d2e62b8367,g561d2e62b83bd,c561d2e62b8564,e561d2e62b8608,b561d2e62b81ad
b561d2e62b8807,d561d2e62b8907,f561d2e62b89b2,g561d2e62b89ff,c561d2e62b8baf,e561d2e62b8c5c,b561d2e62b8807
b561d2e62b8e5a,d561d2e62b8f54,f561d2e62b8ff8,g561d2e62b904e,c561d2e62b91ff,e561d2e62b92ac,b561d2e62b8e5a
b561d2e62b94a0,d561d2e62b959a,f561d2e62b963e,g561d2e62b9693,c561d2e62b984a,e561d2e62b98f6,b561d2e62b94a0
b561d2e62b9af4,d561d2e62b9bf8,f561d2e62b9c9d,g561d2e62b9cf3,c561d2e62b9e99,e561d2e62b9f46,b561d2e62b9af4
b561d2e62ba144,d561d2e62ba23e,f561d2e62ba2eb,g561d2e62ba341,c561d2e62ba4f3,e561d2e62ba5a0,b561d2e62ba144
b561d2e62ba7a3,d561d2e62ba894,f561d2e62ba940,g561d2e62ba98e,c561d2e62bab50,e561d2e62babe3,b561d2e62ba7a3
b561d2e62badc5,d561d2e62baebe,f561d2e62baf71,g561d2e62bafc7,c561d2e62bb176,e561d2e62bb218,b561d2e62badc5
b561d2e62bb415,d561d2e62bb514,f561d2e62bb5c0,g561d2e62bb617,c561d2e62bb7c9,e561d2e62bb86c,b561d2e62bb415
b561d2e62bba78,d561d2e62bbb7d,f561d2e62bbc20,g561d2e62bbc76,c561d2e62bbe1e,e561d2e62bbed4,b561d2e62bba78
b561d2e62bc0d2,d561d2e62bc1d1,f561d2e62bc27e,g561d2e62bc2cc,c561d2e62bc486,e561d2e62bc529,b561d2e62bc0d2
b561d2e62bc727,d561d2e62bc821,f561d2e62bc8d3,g561d2e62bc92a,c561d2e62bcad1,e561d2e62bcb74,b561d2e62bc727
b561d2e62bcd7b,d561d2e62bce72,f561d2e62bcf1d,g561d2e62bcf6b,c561d2e62bd11b,e561d2e62bd1be,b561d2e62bcd7b
b561d2e62bd3c1,d561d2e62bd4bb,f561d2e62bd55f,g561d2e62bd5b5,c561d2e62bd770,e561d2e62bd81d,b561d2e62bd3c1
b561d2e62bda25,d561d2e62bdb16,f561d2e62bdbc2,g561d2e62bdc1e,c561d2e62bddc5,e561d2e62bde69,b561d2e62bda25
b561d2e62be068,d561d2e62be169,f561d2e62be217,g561d2e62be265,c561d2e62be415,e561d2e62be4b9,b561d2e62be068
b561d2e62be6b0,d561d2e62be7ba,f561d2e62be866,g561d2e62be8bd,c561d2e62bea64,e561d2e62beb17,b561d2e62be6b0
b561d2e62bed42,d561d2e62bee41,f561d2e62beef0,g561d2e62bef46,c561d2e62bf0fb,e561d2e62bf19e,b561d2e62bed42
b561d2e62bf39c,d561d2e62bf496,f561d2e62bf53e,g561d2e62bf595,c561d2e62bf73b,e561d2e62bf7e9,b561d2e62bf39c
b561d2e62bf9f3,d561d2e62bfaf5,f561d2e62bfb99,g561d2e62bfbef,c561d2e62bfd95,e561d2e62bfe39,b561d2e62bf9f3
b561d2e62c0049,d561d2e62c0149,f561d2e62c01ee,g561d2e62c0243,c561d2e62c03f6,e561d2e62c04a1,b561d2e62c0049
b561d2e62c069a,d561d2e62c079f,f561d2e62c084c,g561d2e62c08a2,c561d2e62c0a4e,e561d2e62c0af1,b561d2e62c069a
b561d2e62c0cef,d561d2e62c0dee,f561d2e62c0e9b,g561d2e62c0ef1,c561d2e62c1099,e561d2e62c113c,b561d2e62c0cef
b561d2e62c1339,d561d2e62c1438,f561d2e62c14e5,g561d2e62c153d,c561d2e62c16e3,e561d2e62c1788,b561d2e62c1339
b561d2e62c1989,d561d2e62c1a82,f561d2e62c1b30,g561d2e62c1b7e,c561d2e62c1d38,e561d2e62c1ddb,b561d2e62c1989
b561d2e62c1fd9,d561d2e62c20c9,f561d2e62c2176,g561d2e62c21d5,c561d2e62c23ac,e561d2e62c2458,b561d2e62c1fd9
b561d2e62c2652,d561d2e62c2756,f561d2e62c280b,g561d2e62c285f,c561d2e62c2a05,e561d2e62c2aa9,b561d2e62c2652
b561d2e62c2c97,d561d2e62c2d88,f561d2e62c2e47,g561d2e62c2ea1,c561d2e62c3045,e561d2e62c30ef,b561d2e62c2c97
b561d2e62c32f5,d561d2e62c33f1,f561d2e62c349d,g561d2e62c34f3,c561d2e62c36a8,e561d2e62c374d,b561d2e62c32f5
b561d2e62c3955,d561d2e62c3a45,f561d2e62c3aee,g561d2e62c3b43,c561d2e62c3cea,e561d2e62c3d8e,b561d2e62c3955
b561d2e62c3fa5,d561d2e62c4095,f561d2e62c4141,g561d2e62c4197,c561d2e62c433f,e561d2e62c43e2,b561d2e62c3fa5
b561d2e62c45da,d561d2e62c46d6,f561d2e62c4782,g561d2e62c47d9,c561d2e62c4993,e561d2e62c4a37,b561d2e62c45da
b561d2e62c4c34,d561d2e62c4d2e,f561d2e62c4dde,g561d2e62c4e32,c561d2e62c4fe4,e561d2e62c5091,b561d2e62c4c34
b561d2e62c528f,d561d2e62c53a1,f561d2e62c5444,g561d2e62c549b,c561d2e62c5642,e561d2e62c56f0,b561d2e62c528f
b561d2e62c58f2,d561d2e62c59f7,f561d2e62c5aa4,g561d2e62c5afa,c561d2e62c5ca6,e561d2e62c5d6b,b561d2e62c58f2
b561d2e62c5f66,d561d2e62c6056,f561d2e62c6102,g561d2e62c6150,c561d2e62c630a,e561d2e62c63b8,b561d2e62c5f66
b561d2e62c65c6,d561d2e62c66c0,f561d2e62c676d,g561d2e62c67c2,c561d2e62c6969,e561d2e62c6a0c,b561d2e62c65c6
b561d2e62c6c14,d561d2e62c6d12,f561d2e62c6da4,g561d2e62c6df2,c561d2e62c6fb9,e561d2e62c705c,b561d2e62c6c14
b561d2e62c725f,d561d2e62c7350,f561d2e62c73fc,g561d2e62c7449,c561d2e62c75fb,e561d2e62c76a6,b561d2e62c725f
b561d2e62c78ae,d561d2e62c79a9,f561d2e62c7a55,g561d2e62c7aac,c561d2e62c7c58,e561d2e62c7cfb,b561d2e62c78ae
b561d2e62c7efa,d561d2e62c8002,f561d2e62c80a7,g561d2e62c80fc,c561d2e62c82a3,e561d2e62c8347,b561d2e62c7efa
b561d2e62c854d,d561d2e62c862e,f561d2e62c86d3,g561d2e62c8728,c561d2e62c88d9,e561d2e62c897c,b561d2e62c854d
b561d2e62c8b84,d561d2e62c8c87,f561d2e62c8d33,g561d2e62c8d87,c561d2e62c8f38,e561d2e62c8fe0,b561d2e62c8b84
b561d2e62c91e8,d561d2e62c92ec,f561d2e62c9399,g561d2e62c93f6,c561d2e62c959d,e561d2e62c9640,b561d2e62c91e8
b561d2e62c9847,d561d2e62c9947,f561d2e62c99f0,g561d2e62c9a45,c561d2e62c9bee,e561d2e62c9c90,b561d2e62c9847
b561d2e62c9e92,d561d2e62c9f8d,f561d2e62ca030,g561d2e62ca085,c561d2e62ca237,e561d2e62ca2ed,b561d2e62c9e92
b561d2e62ca4fc,d561d2e62ca5ff,f561d2e62ca6a2,g561d2e62ca6f8,c561d2e62ca8aa,e561d2e62ca94d,b561d2e62ca4fc
b561d2e62cab4a,d561d2e62cac4a,f561d2e62cacf6,g561d2e62cad36,c561d2e62caef4,e561d2e62cafa1,b561d2e62cab4a
b561d2e62cb1a9,d561d2e62cb2a3,f561d2e62cb346,g561d2e62cb39c,c561d2e62cb540,e561d2e62cb5eb,b561d2e62cb1a9
b561d2e62cb7ee,d561d2e62cb8e9,f561d2e62cb995,g561d2e62cb9e3,c561d2e62cbb93,e561d2e62cbc41,b561d2e62cb7ee
b561d2e62cbe39,d561d2e62cbf3d,f561d2e62cbfe2,g561d2e62cc037,c561d2e62cc1e8,e561d2e62cc28a,b561d2e62cbe39
b561d2e62cc489,d561d2e62cc58e,f561d2e62cc63a,g561d2e62cc66a,c561d2e62cc7d7,e561d2e62cc878,b561d2e62cc489
b561d2e62cca73,d561d2e62ccb72,f561d2e62ccc16,g561d2e62ccc6c,c561d2e62cce12,e561d2e62ccebb,b561d2e62cca73
b561d2e62cd0b8,d561d2e62cd1bc,f561d2e62cd261,g561d2e62cd2b7,c561d2e62cd471,e561d2e62cd51e,b561d2e62cd0b8
b561d2e62cd712,d561d2e62cd80c,f561d2e62cd8bf,g561d2e62cd914,c561d2e62cdaca,e561d2e62cdb6f,b561d2e62cd712
b561d2e62cdd77,d561d2e62cde6c,f561d2e62cdf1d,g561d2e62cdf6b,c561d2e62ce11b,e561d2e62ce1bd,b561d2e62cdd77
b561d2e62ce3c1,d561d2e62ce4ba,f561d2e62ce55d,g561d2e62ce5b4,c561d2e62ce75c,e561d2e62ce7fa,b561d2e62ce3c1
b561d2e62ce9f9,d561d2e62ceaf2,f561d2e62ceb9e,g561d2e62cebec,c561d2e62ced9b,e561d2e62cee42,b561d2e62ce9f9
b561d2e62cf047,d561d2e62cf152,f561d2e62cf1fc,g561d2e62cf257,c561d2e62cf40a,e561d2e62cf4ad,b561d2e62cf047
b561d2e62cf6aa,d561d2e62cf7ae,f561d2e62cf85b,g561d2e62cf8a9,c561d2e62cfa5e,e561d2e62cfb0b,b561d2e62cf6aa
b561d2e62cfd0a,d561d2e62cfe03,f561d2e62cfea6,g561d2e62cfefd,c561d2e62d00a4,e561d2e62d0152,b561d2e62cfd0a
b561d2e62d0352,d561d2e62d044a,f561d2e62d04f6,g561d2e62d0552,c561d2e62d0703,e561d2e62d07a5,b561d2e62d0352
b561d2e62d09a0,d561d2e62d0aad,f561d2e62d0b5a,g561d2e62d0ba8,c561d2e62d0d58,e561d2e62d0dfa,b561d2e62d09a0
b561d2e62d1008,d561d2e62d1101,f561d2e62d11a4,g561d2e62d11fb,c561d2e62d13a2,e561d2e62d1454,b561d2e62d1008
b561d2e62d165a,d561d2e62d1752,f561d2e62d17fe,g561d2e62d184c,c561d2e62d1a07,e561d2e62d1ab3,b561d2e62d165a
b561d2e62d1cb1,d561d2e62d1da2,f561d2e62d1e53,g561d2e62d1eaa,c561d2e62d2065,e561d2e62d2113,b561d2e62d1cb1
b561d2e62d231b,d561d2e62d240b,f561d2e62d24b7,g561d2e62d250e,c561d2e62d26b4,e561d2e62d2758,b561d2e62d231b
b561d2e62d297a,d561d2e62d2a73,f561d2e62d2b1d,g561d2e62d2b72,c561d2e62d2d1a,e561d2e62d2dbd,b561d2e62d297a
b561d2e62d2fc9,d561d2e62d30cd,f561d2e62d3180,g561d2e62d31d6,c561d2e62d3381,e561d2e62d3425,b561d2e62d2fc9
b561d2e62d3623,d561d2e62d3722,f561d2e62d37c6,g561d2e62d381f,c561d2e62d39d2,e561d2e62d3a75,b561d2e62d3623
b561d2e62d3c82,d561d2e62d3d7f,f561d2e62d3e2a,g561d2e62d3e7f,c561d2e62d4031,e561d2e62d40d9,b561d2e62d3c82
b561d2e62d42d7,d561d2e62d43da,f561d2e62d4488,g561d2e62d44de,c561d2e62d4690,e561d2e62d4734,b561d2e62d42d7
b561d2e62d493b,d561d2e62d4a49,f561d2e62d4afc,g561d2e62d4b52,c561d2e62d4d02,e561d2e62d4db0,b561d2e62d493b
b561d2e62d4faf,d561d2e62d50a4,f561d2e62d514f,g561d2e62d519d,c561d2e62d5358,e561d2e62d53fb,b561d2e62d4faf
b561d2e62d5608,d561d2e62d5701,f561d2e62d57a4,g561d2e62d57f2,c561d2e62d59ad,e561d2e62d5a5a,b561d2e62d5608
b561d2e62d5c58,d561d2e62d5d52,f561d2e62d5dff,g561d2e62d5e4c,c561d2e62d6007,e561d2e62d60ab,b561d2e62d5c58
b561d2e62d62a7,d561d2e62d63a6,f561d2e62d6453,g561d2e62d64a1,c561d2e62d665b,e561d2e62d6701,b561d2e62d62a7
b561d2e62d6915,d561d2e62d6a16,f561d2e62d6abc,g561d2e62d6b13,c561d2e62d6cc4,e561d2e62d6d72,b561d2e62d6915
b561d2e62d6f6f,d561d2e62d7074,f561d2e62d7120,g561d2e62d716e,c561d2e62d731e,e561d2e62d73d1,b561d2e62d6f6f
b561d2e62d75ce,d561d2e62d76da,f561d2e62d777d,g561d2e62d77d9,c561d2e62d797b,e561d2e62d7a24,b561d2e62d75ce
b561d2e62d7c11,d561d2e62d7d10,f561d2e62d7db3,g561d2e62d7e05,c561d2e62d7f99,e561d2e62d803b,b561d2e62d7c11
b561d2e62d8233,d561d2e62d8323,f561d2e62d83cf,g561d2e62d8426,c561d2e62d85cb,e561d2e62d868c,b561d2e62d8233
b561d2e62d8894,d561d2e62d898e,f561d2e62d8a3c,g561d2e62d8a92,c561d2e62d8c43,e561d2e62d8cee,b561d2e62d8894
b561d2e62d8ee4,d561d2e62d8fde,f561d2e62d9094,g561d2e62d90ec,c561d2e62d929d,e561d2e62d934a,b561d2e62d8ee4
b561d2e62d9547,d561d2e62d964c,f561d2e62d96f9,g561d2e62d9750,c561d2e62d98f7,e561d2e62d999a,b561d2e62d9547
b561d2e62d9ba1,d561d2e62d9ca6,f561d2e62d9d4a,g561d2e62d9da0,c561d2e62d9f50,e561d2e62d9ffd,b561d2e62d9ba1
b561d2e62da206,d561d2e62da30a,f561d2e62da3b7,g561d2e62da40e,c561d2e62da5c4,e561d2e62da671,b561d2e62da206
b561d2e62da86f,d561d2e62da96a,f561d2e62daa16,g561d2e62daa6d,c561d2e62dac1e,e561d2e62dacc2,b561d2e62da86f
b561d2e62daec9,d561d2e62dafcd,f561d2e62db071,g561d2e62db0c7,c561d2e62db278,e561d2e62db326,b561d2e62daec9
b561d2e62db528,d561d2e62db623,f561d2e62db6cf,g561d2e62db71d,c561d2e62db8c4,e561d2e62db970,b561d2e62db528
b561d2e62dbb78,d561d2e62dbc71,f561d2e62dbd23,g561d2e62dbd7a,c561d2e62dbf2b,e561d2e62dbfd0,b561d2e62dbb78
b561d2e62dc1e1,d561d2e62dc2e5,f561d2e62dc389,g561d2e62dc3de,c561d2e62dc58f,e561d2e62dc63e,b561d2e62dc1e1
b561d2e62dc840,d561d2e62dc939,f561d2e62dc9dd,g561d2e62dca33,c561d2e62dcbe7,e561d2e62dcc92,b561d2e62dc840
b561d2e62dce8f,d561d2e62dcf8a,f561d2e62dd036,g561d2e62dd084,c561d2e62dd234,e561d2e62dd2d7,b561d2e62dce8f
b561d2e62dd4da,d561d2e62dd5da,f561d2e62dd67d,g561d2e62dd6d2,c561d2e62dd883,e561d2e62dd928,b561d2e62dd4da
b561d2e62ddb2e,d561d2e62ddc2f,f561d2e62ddcdb,g561d2e62ddd31,c561d2e62ddee8,e561d2e62ddf8c,b561d2e62ddb2e
b561d2e62de18d,d561d2e62de287,f561d2e62de32b,g561d2e62de382,c561d2e62de4f9,e561d2e62de5a8,b561d2e62de18d
b561d2e62de7af,d561d2e62de8b4,f561d2e62de958,g561d2e62de9b2,c561d2e62deb59,e561d2e62debfc,b561d2e62de7af
b561d2e62dedfa,d561d2e62deef5,f561d2e62defa0,g561d2e62defff,c561d2e62df1a8,e561d2e62df24c,b561d2e62dedfa
b561d2e62df455,d561d2e62df54f,f561d2e62df600,g561d2e62df656,c561d2e62df808,e561d2e62df8ba,b561d2e62df455
b561d2e62dfab8,d561d2e62dfbb6,f561d2e62dfc64,g561d2e62dfcbb,c561d2e62dfe75,e561d2e62dff23,b561d2e62dfab8
b561d2e62e0117,d561d2e62e0211,f561d2e62e02c3,g561d2e62e0319,c561d2e62e04df,e561d2e62e058d,b561d2e62e0117
b561d2e62e079f,d561d2e62e08a3,f561d2e62e0950,g561d2e62e09a6,c561d2e62e0b4d,e561d2e62e0bf1,b561d2e62e079f
b561d2e62e0df8,d561d2e62e0ee9,f561d2e62e0f95,g561d2e62e0fe3,c561d2e62e1194,e561d2e62e122a,b561d2e62e0df8
b561d2e62e142a,d561d2e62e151a,f561d2e62e15c6,g561d2e62e1614,c561d2e62e17c9,e561d2e62e1876,b561d2e62e142a
b561d2e62e1a73,d561d2e62e1b87,f561d2e62e1c2b,g561d2e62e1c81,c561d2e62e1e28,e561d2e62e1ecc,b561d2e62e1a73
b561d2e62e20cd,d561d2e62e21d2,f561d2e62e2282,g561d2e62e22d6,c561d2e62e247d,e561d2e62e2530,b561d2e62e20cd
b561d2e62e272d,d561d2e62e2827,f561d2e62e28cb,g561d2e62e2921,c561d2e62e2adc,e561d2e62e2b8d,b561d2e62e272d
b561d2e62e2d86,d561d2e62e2e8b,f561d2e62e2f3d,g561d2e62e2f8b,c561d2e62e313a,e561d2e62e31de,b561d2e62e2d86
b561d2e62e33e6,d561d2e62e34e1,f561d2e62e3591,g561d2e62e35ef,c561d2e62e3794,e561d2e62e3838,b561d2e62e33e6
b561d2e62e3a30,d561d2e62e3b2a,f561d2e62e3bcd,g561d2e62e3c23,c561d2e62e3dcc,e561d2e62e3e78,b561d2e62e3a30
b561d2e62e4061,d561d2e62e415b,f561d2e62e4204,g561d2e62e425a,c561d2e62e4414,e561d2e62e44c2,b561d2e62e4061
b561d2e62e46c0,d561d2e62e47c9,f561d2e62e486d,g561d2e62e48c2,c561d2e62e4a6a,e561d2e62e4b0d,b561d2e62e46c0
b561d2e62e4d0a,d561d2e62e4e0e,f561d2e62e4ebc,g561d2e62e4f0a,c561d2e62e50e2,e561d2e62e5199,b561d2e62e4d0a
b561d2e62e53cb,d561d2e62e54c0,f561d2e62e5564,g561d2e62e55b9,c561d2e62e576a,e561d2e62e5817,b561d2e62e53cb
b561d2e62e5a1b,d561d2e62e5b1e,f561d2e62e5bcc,g561d2e62e5c28,c561d2e62e5dce,e561d2e62e5e71,b561d2e62e5a1b
b561d2e62e606f,d561d2e62e617c,f561d2e62e622a,g561d2e62e6281,c561d2e62e6432,e561d2e62e64d5,b561d2e62e606f
b561d2e62e66d8,d561d2e62e67d2,f561d2e62e6875,g561d2e62e68cb,c561d2e62e6a72,e561d2e62e6b25,b561d2e62e66d8
b561d2e62e6d22,d561d2e62e6e13,f561d2e62e6ebf,g561d2e62e6f0d,c561d2e62e70bf,e561d2e62e716b,b561d2e62e6d22
b561d2e62e7368,d561d2e62e7463,f561d2e62e7514,g561d2e62e756a,c561d2e62e771c,e561d2e62e77ca,b561d2e62e7368
b561d2e62e79d6,d561d2e62e7ae2,f561d2e62e7b8a,g561d2e62e7bde,c561d2e62e7d85,e561d2e62e7e32,b561d2e62e79d6
b561d2e62e8038,d561d2e62e8130,f561d2e62e81dc,g561d2e62e822c,c561d2e62e83e4,e561d2e62e8487,b561d2e62e8038
b561d2e62e8685,d561d2e62e8780,f561d2e62e882b,g561d2e62e887a,c561d2e62e8a2f,e561d2e62e8ad1,b561d2e62e8685
b561d2e62e8cda,d561d2e62e8ddd,f561d2e62e8e8b,g561d2e62e8ed8,c561d2e62e9089,e561d2e62e9136,b561d2e62e8cda
b561d2e62e9334,d561d2e62e942e,f561d2e62e94da,g561d2e62e9528,c561d2e62e96d8,e561d2e62e9790,b561d2e62e9334
b561d2e62e998d,d561d2e62e9a88,f561d2e62e9b35,g561d2e62e9b8b,c561d2e62e9d3c,e561d2e62e9de0,b561d2e62e998d
b561d2e62e9fed,d561d2e62ea0f1,f561d2e62ea1a9,g561d2e62ea1fe,c561d2e62ea3a5,e561d2e62ea452,b561d2e62e9fed
b561d2e62ea651,d561d2e62ea74f,f561d2e62ea7fc,g561d2e62ea854,c561d2e62eaa04,e561d2e62eaaa8,b561d2e62ea651
b561d2e62eacba,d561d2e62eadb5,f561d2e62eae60,g561d2e62eaeae,c561d2e62eb069,e561d2e62eb10d,b561d2e62eacba
b561d2e62eb30b,d561d2e62eb40d,f561d2e62eb4b0,g561d2e62eb507,c561d2e62eb6be,e561d2e62eb76a,b561d2e62eb30b
b561d2e62eb96d,d561d2e62eba76,f561d2e62ebb24,g561d2e62ebb7a,c561d2e62ebd21,e561d2e62ebdc4,b561d2e62eb96d
b561d2e62ebfc2,d561d2e62ec0bd,f561d2e62ec168,g561d2e62ec1b7,c561d2e62ec367,e561d2e62ec415,b561d2e62ebfc2
b561d2e62ec612,d561d2e62ec70c,f561d2e62ec7b0,g561d2e62ec805,c561d2e62ec9c5,e561d2e62eca7b,b561d2e62ec612
b561d2e62ecc84,d561d2e62ecd80,f561d2e62ece2c,g561d2e62ece52,c561d2e62ecff7,e561d2e62ed09a,b561d2e62ecc84
b561d2e62ed2a2,d561d2e62ed3a5,f561d2e62ed44b,g561d2e62ed4a0,c561d2e62ed63d,e561d2e62ed6ee,b561d2e62ed2a2
b561d2e62ed8f1,d561d2e62ed9e2,f561d2e62eda85,g561d2e62edadb,c561d2e62edc81,e561d2e62edd2f,b561d2e62ed8f1
b561d2e62edf31,d561d2e62ee02b,f561d2e62ee0cf,g561d2e62ee124,c561d2e62ee2d6,e561d2e62ee379,b561d2e62edf31
b561d2e62ee578,d561d2e62ee671,f561d2e62ee72e,g561d2e62ee784,c561d2e62ee92b,e561d2e62ee9d0,b561d2e62ee578
b561d2e62eebd7,d561d2e62eecd1,f561d2e62eed7d,g561d2e62eede4,c561d2e62eef8a,e561d2e62ef02e,b561d2e62eebd7
b561d2e62ef247,d561d2e62ef33e,f561d2e62ef3eb,g561d2e62ef442,c561d2e62ef5f3,e561d2e62ef697,b561d2e62ef247
b561d2e62ef8ad,d561d2e62ef9b1,f561d2e62efa68,g561d2e62efac0,c561d2e62efc71,e561d2e62efd14,b561d2e62ef8ad
b561d2e62efecf,d561d2e62effd2,f561d2e62f0080,g561d2e62f00d7,c561d2e62f027e,e561d2e62f0321,b561d2e62efecf
b561d2e62f052f,d561d2e62f061f,f561d2e62f06cb,g561d2e62f0719,c561d2e62f08c9,e561d2e62f097b,b561d2e62f052f
b561d2e62f0b6f,d561d2e62f0c68,f561d2e62f0cc9,g561d2e62f0d16,c561d2e62f0ec7,e561d2e62f0f6b,b561d2e62f0b6f
b561d2e62f1168,d561d2e62f1258,f561d2e62f130e,g561d2e62f1365,c561d2e62f150d,e561d2e62f15b1,b561d2e62f1168
b561d2e62f17cc,d561d2e62f18c7,f561d2e62f1973,g561d2e62f19d1,c561d2e62f1b70,e561d2e62f1c14,b561d2e62f17cc
b561d2e62f1e26,d561d2e62f1f16,f561d2e62f1fc3,g561d2e62f2019,c561d2e62f21c2,e561d2e62f226f,b561d2e62f1e26
b561d2e62f246b,d561d2e62f256e,f561d2e62f261c,g561d2e62f266a,c561d2e62f281a,e561d2e62f28be,b561d2e62f246b
b561d2e62f2aba,d561d2e62f2bc1,f561d2e62f2c6c,g561d2e62f2cb9,c561d2e62f2e74,e561d2e62f2f21,b561d2e62f2aba
b561d2e62f3128,d561d2e62f3224,f561d2e62f32d0,g561d2e62f3327,c561d2e62f34ce,e561d2e62f3570,b561d2e62f3128
b561d2e62f3779,d561d2e62f3873,f561d2e62f391f,g561d2e62f3976,c561d2e62f3b1d,e561d2e62f3bd9,b561d2e62f3779
b561d2e62f3dd2,d561d2e62f3ed6,f561d2e62f3f84,g561d2e62f3fe0,c561d2e62f418e,e561d2e62f4238,b561d2e62f3dd2
b561d2e63001f6,d561d2e6300304,f561d2e63003bc,g561d2e6300414,c561d2e63005c4,e561d2e6300671,b561d2e63001f6
b561d2e630087e,d561d2e6300982,f561d2e6300a30,g561d2e6300a86,c561d2e6300c38,e561d2e6300ce4,b561d2e630087e
b561d2e6300eec,d561d2e6300fe7,f561d2e630109e,g561d2e63010e4,c561d2e630128b,e561d2e630133a,b561d2e6300eec
b561d2e6301541,d561d2e6301645,f561d2e63016fc,g561d2e6301753,c561d2e6301909,e561d2e63019ad,b561d2e6301541
b561d2e6301bbb,d561d2e6301cb5,f561d2e6301d61,g561d2e6301db8,c561d2e6301f69,e561d2e6302017,b561d2e6301bbb
b561d2e630221e,d561d2e6302321,f561d2e63023cf,g561d2e6302426,c561d2e63025e2,e561d2e630268e,b561d2e630221e
b561d2e63028ab,d561d2e63029af,f561d2e6302a53,g561d2e6302aa8,c561d2e6302c5a,e561d2e6302d06,b561d2e63028ab
b561d2e6302f14,d561d2e6303022,f561d2e63030cf,g561d2e630311c,c561d2e63032cc,e561d2e630336f,b561d2e6302f14
b561d2e6303578,d561d2e6303671,f561d2e6303716,g561d2e630376c,c561d2e63038f9,e561d2e63039a8,b561d2e6303578
b561d2e6303bbd,d561d2e6303cc1,f561d2e6303d6e,g561d2e6303dbc,c561d2e6303f6c,e561d2e630401a,b561d2e6303bbd
b561d2e6304221,d561d2e630431b,f561d2e63043ca,g561d2e630441f,c561d2e63045d0,e561d2e630467e,b561d2e6304221
b561d2e6304896,d561d2e630498f,f561d2e6304a3b,g561d2e6304a92,c561d2e6304c43,e561d2e6304ce8,b561d2e6304896
b561d2e6304f03,d561d2e6305007,f561d2e63050b4,g561d2e630510b,c561d2e63052b3,e561d2e630535f,b561d2e6304f03
b561d2e6305567,d561d2e630564a,f561d2e63056ef,g561d2e6305740,c561d2e63058f7,e561d2e63059a4,b561d2e6305567
b561d2e6305bac,d561d2e6305cbb,f561d2e6305d68,g561d2e6305dbf,c561d2e6305f70,e561d2e6306018,b561d2e6305bac
b561d2e630622f,d561d2e630632a,f561d2e63063d6,g561d2e630642d,c561d2e63065e8,e561d2e6306695,b561d2e630622f
b561d2e630689e,d561d2e6306998,f561d2e6306a44,g561d2e6306a9b,c561d2e6306c56,e561d2e6306d03,b561d2e630689e
b561d2e6306f01,d561d2e6306ffb,f561d2e63070a9,g561d2e630710a,c561d2e63072ba,e561d2e6307367,b561d2e6306f01
b561d2e6307570,d561d2e6307681,f561d2e6307730,g561d2e6307787,c561d2e6307938,e561d2e63079c3,b561d2e6307570
b561d2e6307bd9,d561d2e6307cd2,f561d2e6307d77,g561d2e6307dcd,c561d2e6307f7d,e561d2e6308035,b561d2e6307bd9
b561d2e630823d,d561d2e6308340,f561d2e63083e3,g561d2e630843b,c561d2e63085e2,e561d2e6308694,b561d2e630823d
b561d2e63088a1,d561d2e630899a,f561d2e6308a51,g561d2e6308aa9,c561d2e6308c5a,e561d2e6308d08,b561d2e63088a1
b561d2e6308f1e,d561d2e6309022,f561d2e63090cf,g561d2e6309126,c561d2e63092d2,e561d2e6309380,b561d2e6308f1e
b561d2e6309582,d561d2e6309673,f561d2e630971f,g561d2e6309776,c561d2e6309931,e561d2e63099de,b561d2e6309582
b561d2e6309be6,d561d2e6309ce0,f561d2e6309d8d,g561d2e6309ddd,c561d2e6309f8b,e561d2e630a02f,b561d2e6309be6
b561d2e630a22c,d561d2e630a330,f561d2e630a3d4,g561d2e630a429,c561d2e630a5e0,e561d2e630a68d,b561d2e630a22c
b561d2e630a895,d561d2e630a98e,f561d2e630aa32,g561d2e630aa88,c561d2e630ac3a,e561d2e630acf2,b561d2e630a895
b561d2e630aef4,d561d2e630afe4,f561d2e630b090,g561d2e630b0e8,c561d2e630b299,e561d2e630b346,b561d2e630aef4
b561d2e630b553,d561d2e630b64c,f561d2e630b6ff,g561d2e630b755,c561d2e630b908,e561d2e630b9b4,b561d2e630b553
b561d2e630bbd0,d561d2e630bcee,f561d2e630bd9b,g561d2e630bdf2,c561d2e630bfa3,e561d2e630c050,b561d2e630bbd0
b561d2e630c25d,d561d2e630c357,f561d2e630c3fa,g561d2e630c451,c561d2e630c602,e561d2e630c6be,b561d2e630c25d
b561d2e630c8b7,d561d2e630c9b2,f561d2e630ca5e,g561d2e630cab5,c561d2e630cc6e,e561d2e630cd0a,b561d2e630c8b7
b561d2e630cf11,d561d2e630d015,f561d2e630d0c2,g561d2e630d119,c561d2e630d2bf,e561d2e630d363,b561d2e630cf11
b561d2e630d567,d561d2e630d667,f561d2e630d712,g561d2e630d768,c561d2e630d919,e561d2e630d9c7,b561d2e630d567
b561d2e630dbca,d561d2e630dcce,f561d2e630dd7b,g561d2e630ddd2,c561d2e630df8d,e561d2e630e031,b561d2e630dbca
b561d2e630e238,d561d2e630e332,f561d2e630e3e1,g561d2e630e440,c561d2e630e5e7,e561d2e630e68b,b561d2e630e238
b561d2e630e892,d561d2e630e996,f561d2e630ea43,g561d2e630ea9a,c561d2e630ec4c,e561d2e630ecf8,b561d2e630e892
b561d2e630ef0f,d561d2e630f00b,f561d2e630f0b6,g561d2e630f10e,c561d2e630f2be,e561d2e630f373,b561d2e630ef0f
b561d2e630f56e,d561d2e630f669,f561d2e630f715,g561d2e630f76c,c561d2e630f914,e561d2e630f9c0,b561d2e630f56e
b561d2e630fbc8,d561d2e630fca4,f561d2e630fd73,g561d2e630fdcb,c561d2e630ff7c,e561d2e6310029,b561d2e630fbc8
b561d2e6310231,d561d2e631032f,f561d2e63103cf,g561d2e6310425,c561d2e63105d7,e561d2e631067a,b561d2e6310231
b561d2e6310881,d561d2e6310985,f561d2e6310a32,g561d2e6310a80,c561d2e6310c3a,e561d2e6310cde,b561d2e6310881
b561d2e6310eea,d561d2e6310fe5,f561d2e6311091,g561d2e63110df,c561d2e6311294,e561d2e63112f5,b561d2e6310eea
b561d2e63114fb,d561d2e6311605,f561d2e63116a8,g561d2e63116ff,c561d2e63118a7,e561d2e631194a,b561d2e63114fb
b561d2e6311b5c,d561d2e6311c55,f561d2e6311cfa,g561d2e6311d4f,c561d2e6311ef6,e561d2e6311fa9,b561d2e6311b5c
b561d2e63121a6,d561d2e63122aa,f561d2e6312358,g561d2e63123ae,c561d2e631256f,e561d2e631261c,b561d2e63121a6
b561d2e6312819,d561d2e6312913,f561d2e63129c5,g561d2e6312a1c,c561d2e6312bc4,e561d2e6312c71,b561d2e6312819
b561d2e6312e78,d561d2e6312f7d,f561d2e6313021,g561d2e6313076,c561d2e631321f,e561d2e63132c1,b561d2e6312e78
b561d2e63134d7,d561d2e63135d2,f561d2e631367f,g561d2e63136d5,c561d2e6313887,e561d2e631392a,b561d2e63134d7
b561d2e6313b31,d561d2e6313c2c,f561d2e6313cd9,g561d2e6313d17,c561d2e6313ed2,e561d2e6313f7e,b561d2e6313b31
b561d2e631417b,d561d2e631428c,f561d2e6314337,g561d2e631438e,c561d2e6314535,e561d2e63145d7,b561d2e631417b
b561d2e63147e0,d561d2e63148da,f561d2e631497e,g561d2e63149d4,c561d2e6314b84,e561d2e6314c32,b561d2e63147e0
b561d2e6314e44,d561d2e6314f3e,f561d2e6314feb,g561d2e6315041,c561d2e63151fd,e561d2e63152a0,b561d2e6314e44
b561d2e631549e,d561d2e6315599,f561d2e6315645,g561d2e631569d,c561d2e631584c,e561d2e63158f0,b561d2e631549e
b561d2e6315afd,d561d2e6315bf7,f561d2e6315ca4,g561d2e6315cfd,c561d2e6315eb1,e561d2e6315f55,b561d2e6315afd
b561d2e6316157,d561d2e631624c,f561d2e63162f8,g561d2e631634f,c561d2e6316500,e561d2e63165b3,b561d2e6316157
b561d2e63167bb,d561d2e63168b6,f561d2e6316961,g561d2e63169b8,c561d2e6316b69,e561d2e6316c0c,b561d2e63167bb
b561d2e6316e0a,d561d2e6316f04,f561d2e6316fbb,g561d2e6317009,c561d2e63171c3,e561d2e6317266,b561d2e6316e0a
b561d2e6317470,d561d2e6317569,f561d2e6317615,g561d2e6317663,c561d2e6317813,e561d2e63178b6,b561d2e6317470
b561d2e6317ac8,d561d2e6317bc9,f561d2e6317c7c,g561d2e6317ccd,c561d2e6317fd7,e561d2e631807d,b561d2e6317ac8
b561d2e6318275,d561d2e6318367,f561d2e63183fb,g561d2e6318450,c561d2e6318605,e561d2e63186b0,b561d2e6318275
b561d2e63188b6,d561d2e63189b0,f561d2e6318a58,g561d2e6318aaa,c561d2e6318c4b,e561d2e6318cee,b561d2e63188b6
b561d2e6318ee1,d561d2e6318fb7,f561d2e6319037,g561d2e6319086,c561d2e6319220,e561d2e63192ce,b561d2e6318ee1
b561d2e63194c6,d561d2e63195b6,f561d2e631965e,g561d2e63196b5,c561d2e6319854,e561d2e63198fa,b561d2e63194c6
b561d2e6319ae8,d561d2e6319bdc,f561d2e6319c87,g561d2e6319cd6,c561d2e6319e76,e561d2e6319f16,b561d2e6319ae8
b561d2e631a10c,d561d2e631a211,f561d2e631a2bd,g561d2e631a314,c561d2e631a4c5,e561d2e631a56a,b561d2e631a10c
b561d2e631a776,d561d2e631a879,f561d2e631a926,g561d2e631a97d,c561d2e631ab25,e561d2e631abc3,b561d2e631a776
b561d2e631adbf,d561d2e631aec4,f561d2e631af6f,g561d2e631afc3,c561d2e631b16e,e561d2e631b21c,b561d2e631adbf
b561d2e631b45e,d561d2e631b574,f561d2e631b619,g561d2e631b66e,c561d2e631b81f,e561d2e631b8cf,b561d2e631b45e
b561d2e631bad9,d561d2e631bbd4,f561d2e631bc80,g561d2e631bcce,c561d2e631be7e,e561d2e631bf65,b561d2e631bad9
b561d2e631c173,d561d2e631c279,f561d2e631c332,g561d2e631c388,c561d2e631c538,e561d2e631c5dc,b561d2e631c173
b561d2e631c7da,d561d2e631c8ca,f561d2e631c976,g561d2e631c9d2,c561d2e631cb83,e561d2e631cc30,b561d2e631c7da
b561d2e631ce3b,d561d2e631cf47,f561d2e631cfe9,g561d2e631d040,c561d2e631d1e7,e561d2e631d294,b561d2e631ce3b
b561d2e631d497,d561d2e631d591,f561d2e631d63f,g561d2e631d695,c561d2e631d83c,e561d2e631d8e9,b561d2e631d497
b561d2e631dae7,d561d2e631dbe7,f561d2e631dc8a,g561d2e631dce0,c561d2e631dea0,e561d2e631df44,b561d2e631dae7
b561d2e631e141,d561d2e631e23a,f561d2e631e2e4,g561d2e631e33a,c561d2e631e4e1,e561d2e631e584,b561d2e631e141
b561d2e631e792,d561d2e631e894,f561d2e631e939,g561d2e631e98f,c561d2e631eb3f,e561d2e631ebed,b561d2e631e792
b561d2e631edfa,d561d2e631eefe,f561d2e631efab,g561d2e631eff9,c561d2e631f1b3,e561d2e631f263,b561d2e631edfa
b561d2e631f436,d561d2e631f539,f561d2e631f5e7,g561d2e631f63c,c561d2e631f7f4,e561d2e631f898,b561d2e631f436
b561d2e631fa9e,d561d2e631fb9d,f561d2e631fc40,g561d2e631fc97,c561d2e631fe39,e561d2e631fedd,b561d2e631fa9e
b561d2e63200fc,d561d2e63201e5,f561d2e632028b,g561d2e63202da,c561d2e632048e,e561d2e6320531,b561d2e63200fc
b561d2e632073d,d561d2e6320842,f561d2e63208e6,g561d2e632093b,c561d2e6320af2,e561d2e6320b9f,b561d2e632073d
b561d2e6320d83,d561d2e6320e7e,f561d2e6320f2f,g561d2e6320f85,c561d2e6321137,e561d2e63211dd,b561d2e6320d83
b561d2e63213e7,d561d2e63214f0,f561d2e6321594,g561d2e63215ea,c561d2e6321791,e561d2e6321835,b561d2e63213e7
b561d2e6321a37,d561d2e6321b31,f561d2e6321bde,g561d2e6321c2b,c561d2e6321de1,e561d2e6321e85,b561d2e6321a37
b561d2e632208b,d561d2e6322186,f561d2e6322232,g561d2e6322280,c561d2e6322430,e561d2e63224d3,b561d2e632208b
b561d2e63226d6,d561d2e63227e5,f561d2e6322891,g561d2e63228e8,c561d2e6322a92,e561d2e6322b3d,b561d2e63226d6
b561d2e6322d49,d561d2e6322e4d,f561d2e6322efd,g561d2e6322f52,c561d2e6323108,e561d2e63231ab,b561d2e6322d49
b561d2e63233ad,d561d2e63234a8,f561d2e6323553,g561d2e63235a4,c561d2e632374c,e561d2e63237f1,b561d2e63233ad
b561d2e63239f8,d561d2e6323af3,f561d2e6323ba1,g561d2e6323c00,c561d2e6323db1,e561d2e6323e55,b561d2e63239f8
b561d2e632405c,d561d2e6324171,f561d2e632421c,g561d2e6324273,c561d2e63243fb,e561d2e63244a9,b561d2e632405c
b561d2e63246b2,d561d2e63247ac,f561d2e6324857,g561d2e63248ae,c561d2e6324a55,e561d2e6324b08,b561d2e63246b2
b561d2e6324d0f,d561d2e6324e13,f561d2e6324ec1,g561d2e6324f17,c561d2e63250c9,e561d2e6325176,b561d2e6324d0f
b561d2e6325387,d561d2e6325483,f561d2e6325534,g561d2e632558b,c561d2e6325732,e561d2e63257d5,b561d2e6325387
b561d2e63259dd,d561d2e6325ad0,f561d2e6325b7a,g561d2e6325bd0,c561d2e6325d82,e561d2e6325e25,b561d2e63259dd
b561d2e632602c,d561d2e6326130,f561d2e63261d3,g561d2e632622a,c561d2e63263dc,e561d2e6326488,b561d2e632602c
b561d2e6326686,d561d2e6326781,f561d2e632682d,g561d2e6326884,c561d2e6326a3c,e561d2e6326ae7,b561d2e6326686
b561d2e6326cef,d561d2e6326df3,f561d2e6326ea1,g561d2e6326ef7,c561d2e632709e,e561d2e632714c,b561d2e6326cef
b561d2e6327359,d561d2e6327449,f561d2e63274f5,g561d2e632754c,c561d2e63276fd,e561d2e63277a6,b561d2e6327359
b561d2e63279ad,d561d2e6327aae,f561d2e6327b59,g561d2e6327bb0,c561d2e6327d61,e561d2e6327e06,b561d2e63279ad
b561d2e632800c,d561d2e6328110,f561d2e63281c3,g561d2e6328219,c561d2e63283a2,e561d2e632847d,b561d2e632800c
b561d2e632867b,d561d2e632877e,f561d2e6328827,g561d2e632887d,c561d2e6328a33,e561d2e6328ae1,b561d2e632867b
b561d2e6328ced,d561d2e6328df2,f561d2e6328e97,g561d2e6328eec,c561d2e6329092,e561d2e632913c,b561d2e6328ced
b561d2e6329342,d561d2e6329447,f561d2e63294f3,g561d2e6329542,c561d2e63296f1,e561d2e6329795,b561d2e6329342
b561d2e6329b2c,d561d2e6329c33,f561d2e6329ce0,g561d2e6329d2e,c561d2e6329ede,e561d2e6329f8b,b561d2e6329b2c
b561d2e632a190,d561d2e632a292,f561d2e632a336,g561d2e632a38c,c561d2e632a8d6,e561d2e632a97b,b561d2e632a190
b561d2e632ab88,d561d2e632ac8b,f561d2e632ad39,g561d2e632ad8f,c561d2e632af36,e561d2e632afea,b561d2e632ab88
b561d2e632b1e6,d561d2e632b2ea,f561d2e632b38e,g561d2e632b3e5,c561d2e632b595,e561d2e632b63a,b561d2e632b1e6
b561d2e632b836,d561d2e632b949,f561d2e632b9f7,g561d2e632ba4d,c561d2e632bbfe,e561d2e632bca2,b561d2e632b836
b561d2e632be9f,d561d2e632bfa3,f561d2e632c050,g561d2e632c0a7,c561d2e632c258,e561d2e632c300,b561d2e632be9f
b561d2e632c4f9,d561d2e632c5de,f561d2e632c683,g561d2e632c6d9,c561d2e632c884,e561d2e632c934,b561d2e632c4f9
b561d2e632cb3a,d561d2e632cc2a,f561d2e632ccd2,g561d2e632cd27,c561d2e632ced9,e561d2e632cf86,b561d2e632cb3a
b561d2e632d180,d561d2e632d27e,f561d2e632d32b,g561d2e632d381,c561d2e632d529,e561d2e632d5d6,b561d2e632d180
b561d2e632d7e6,d561d2e632d8de,f561d2e632d98a,g561d2e632d9e1,c561d2e632db93,e561d2e632dc3f,b561d2e632d7e6
b561d2e632de3d,d561d2e632df38,f561d2e632dfe4,g561d2e632e03e,c561d2e632e1f1,e561d2e632e295,b561d2e632de3d
b561d2e632e492,d561d2e632e5a0,f561d2e632e642,g561d2e632e69a,c561d2e632e84b,e561d2e632e8ee,b561d2e632e492
b561d2e632eaf8,d561d2e632ebfa,f561d2e632eca7,g561d2e632ecfe,c561d2e632eea5,e561d2e632eff9,b561d2e632eaf8
b561d2e632f20c,d561d2e632f307,f561d2e632f3b4,g561d2e632f40a,c561d2e632f5b6,e561d2e632f663,b561d2e632f20c
b561d2e632f86b,d561d2e632f970,f561d2e632fa21,g561d2e632fa6f,c561d2e632fc1f,e561d2e632fccc,b561d2e632f86b
b561d2e632fed0,d561d2e632ffd4,f561d2e6330080,g561d2e63300d7,c561d2e6330289,e561d2e6330336,b561d2e632fed0
b561d2e6330528,d561d2e633063a,f561d2e63306dd,g561d2e6330731,c561d2e63308d8,e561d2e633098f,b561d2e6330528
b561d2e6330b8d,d561d2e6330c87,f561d2e6330d2a,g561d2e6330d80,c561d2e6330f32,e561d2e6330fd6,b561d2e6330b8d
b561d2e63311dd,d561d2e63312dc,f561d2e6331390,g561d2e63313e5,c561d2e6331596,e561d2e6331643,b561d2e63311dd
b561d2e6331860,d561d2e633195a,f561d2e63319fd,g561d2e6331a53,c561d2e6331c0a,e561d2e6331cb6,b561d2e6331860
b561d2e6331ecd,d561d2e6331fd2,f561d2e6332074,g561d2e63320cb,c561d2e633227c,e561d2e6332321,b561d2e6331ecd
b561d2e633251d,d561d2e633260a,f561d2e63326a7,g561d2e6332701,c561d2e63328a8,e561d2e6332955,b561d2e633251d
b561d2e6332b5e,d561d2e6332c5c,f561d2e6332d0a,g561d2e6332d60,c561d2e6332f07,e561d2e6332fb5,b561d2e6332b5e
b561d2e63331c1,d561d2e63332c6,f561d2e6333369,g561d2e63333bf,c561d2e6333566,e561d2e633361e,b561d2e63331c1
b561d2e6333821,d561d2e633391b,f561d2e63339c7,g561d2e6333a15,c561d2e6333bbc,e561d2e6333c63,b561d2e6333821
b561d2e6333e6c,d561d2e6333f65,f561d2e6334018,g561d2e6334067,c561d2e6334214,e561d2e63342b8,b561d2e6333e6c
b561d2e63344bc,d561d2e6334576,f561d2e633462e,g561d2e633467c,c561d2e633480e,e561d2e63348b1,b561d2e63344bc
b561d2e6334acd,d561d2e6334bc8,f561d2e6334c71,g561d2e6334cc6,c561d2e6334e78,e561d2e6334f24,b561d2e6334acd
b561d2e6335122,d561d2e6335226,f561d2e63352d4,g561d2e633532a,c561d2e63354e3,e561d2e633558e,b561d2e6335122
b561d2e633579b,d561d2e6335899,f561d2e6335947,g561d2e633599d,c561d2e6335b4e,e561d2e6335bfb,b561d2e633579b
b561d2e6335e0e,d561d2e6335f09,f561d2e6335fb4,g561d2e633600c,c561d2e63361bd,e561d2e6336260,b561d2e6335e0e
b561d2e6336473,d561d2e633656c,f561d2e6336618,g561d2e6336670,c561d2e6336833,e561d2e63368e2,b561d2e6336473
b561d2e6336ae0,d561d2e6336bda,f561d2e6336c8d,g561d2e6336ce2,c561d2e6336e8a,e561d2e6336f37,b561d2e6336ae0
b561d2e633713f,d561d2e6337248,f561d2e63372fa,g561d2e6337349,c561d2e63374b5,e561d2e6337569,b561d2e633713f
b561d2e6337770,d561d2e6337869,f561d2e6337917,g561d2e6337965,c561d2e6337b15,e561d2e6337bc7,b561d2e6337770
b561d2e6337dca,d561d2e6337ece,f561d2e6337f79,g561d2e6337fcd,c561d2e6338183,e561d2e6338230,b561d2e6337dca
b561d2e633842a,d561d2e633852e,f561d2e63385da,g561d2e6338628,c561d2e63387ec,e561d2e6338877,b561d2e633842a
b561d2e6338a83,d561d2e6338b86,f561d2e6338c2b,g561d2e6338c80,c561d2e6338e27,e561d2e6338ecb,b561d2e6338a83
b561d2e63390be,d561d2e63391bd,f561d2e6339261,g561d2e63392b6,c561d2e6339472,e561d2e6339516,b561d2e63390be
b561d2e633971d,d561d2e6339817,f561d2e63398bb,g561d2e6339916,c561d2e6339abc,e561d2e6339b60,b561d2e633971d
b561d2e6339d62,d561d2e6339e68,f561d2e6339f13,g561d2e6339f6a,c561d2e633a112,e561d2e633a1b6,b561d2e6339d62
b561d2e633a3c1,d561d2e633a4c6,f561d2e633a56a,g561d2e633a5bf,c561d2e633a770,e561d2e633a81f,b561d2e633a3c1
b561d2e633aa1b,d561d2e633ab15,f561d2e633abba,g561d2e633ac0f,c561d2e633adca,e561d2e633ae6d,b561d2e633aa1b
b561d2e633b06b,d561d2e633b16f,f561d2e633b226,g561d2e633b27d,c561d2e633b42e,e561d2e633b4db,b561d2e633b06b
b561d2e633b6d9,d561d2e633b7d9,f561d2e633b885,g561d2e633b8d3,c561d2e633ba83,e561d2e633bb30,b561d2e633b6d9
b561d2e633bd29,d561d2e633be2d,f561d2e633beda,g561d2e633bf31,c561d2e633c0e2,e561d2e633c18f,b561d2e633bd29
b561d2e633c397,d561d2e633c495,f561d2e633c543,g561d2e633c59a,c561d2e633c73c,e561d2e633c7e9,b561d2e633c397
b561d2e633c9e1,d561d2e633caf0,f561d2e633cb93,g561d2e633cbea,c561d2e633cd95,e561d2e633ce39,b561d2e633c9e1
b561d2e633d040,d561d2e633d132,f561d2e633d1e0,g561d2e633d234,c561d2e633d3e5,e561d2e633d488,b561d2e633d040
b561d2e633d690,d561d2e633d795,f561d2e633d841,g561d2e633d88f,c561d2e633da4a,e561d2e633daf7,b561d2e633d690
b561d2e633dcea,d561d2e633dddb,f561d2e633de87,g561d2e633deef,c561d2e633e099,e561d2e633e13c,b561d2e633dcea
b561d2e633e344,d561d2e633e444,f561d2e633e4f0,g561d2e633e53d,c561d2e633e6ee,e561d2e633e79b,b561d2e633e344
b561d2e633e9a8,d561d2e633eaa2,f561d2e633eb56,g561d2e633ebab,c561d2e633ed57,e561d2e633ee05,b561d2e633e9a8
b561d2e633f002,d561d2e633f111,f561d2e633f1bd,g561d2e633f214,c561d2e633f3cb,e561d2e633f477,b561d2e633f002
b561d2e633f67f,d561d2e633f783,f561d2e633f83b,g561d2e633f889,c561d2e633fa39,e561d2e633fae2,b561d2e633f67f
b561d2e633fcf3,d561d2e633fdf7,f561d2e633fea3,g561d2e633fefb,c561d2e63400a2,e561d2e6340159,b561d2e633fcf3
b561d2e6340360,d561d2e6340465,f561d2e6340509,g561d2e634055f,c561d2e63406fe,e561d2e63407b1,b561d2e6340360
b561d2e6340993,d561d2e6340ac6,f561d2e6340b71,g561d2e6340bc8,c561d2e6340d83,e561d2e6340e26,b561d2e6340993
b561d2e6341024,d561d2e634112d,f561d2e63411d0,g561d2e6341226,c561d2e63413d8,e561d2e6341485,b561d2e6341024
b561d2e6341697,d561d2e634179b,f561d2e6341848,g561d2e634189f,c561d2e6341a46,e561d2e6341aef,b561d2e6341697
b561d2e6341cec,d561d2e6341de5,f561d2e6341e8a,g561d2e6341ee0,c561d2e63420a0,e561d2e634214d,b561d2e6341cec
b561d2e634234b,d561d2e6342444,f561d2e63424f4,g561d2e6342548,c561d2e63426fa,e561d2e63427a7,b561d2e634234b
b561d2e63429af,d561d2e6342aa9,f561d2e6342b56,g561d2e6342ba4,c561d2e6342d54,e561d2e6342e01,b561d2e63429af
b561d2e6343018,d561d2e634311c,f561d2e63431c9,g561d2e6343217,c561d2e63433c9,e561d2e6343474,b561d2e6343018
b561d2e6343671,d561d2e634376d,f561d2e6343818,g561d2e6343870,c561d2e6343a26,e561d2e6343ab4,b561d2e6343671
b561d2e6343cb3,d561d2e6343dae,f561d2e6343e59,g561d2e6343eb0,c561d2e634405c,e561d2e6344101,b561d2e6343cb3
b561d2e6344303,d561d2e6344401,f561d2e63444af,g561d2e6344505,c561d2e63446b6,e561d2e634475a,b561d2e6344303
b561d2e634495c,d561d2e6344a45,f561d2e6344aea,g561d2e6344b40,c561d2e6344cd3,e561d2e6344d77,b561d2e634495c
b561d2e6344f83,d561d2e6345087,f561d2e6345134,g561d2e634518c,c561d2e634533b,e561d2e63453e9,b561d2e6344f83
b561d2e63455e7,d561d2e63456f5,f561d2e6345798,g561d2e63457ee,c561d2e63459a0,e561d2e6345a43,b561d2e63455e7
b561d2e6345c4b,d561d2e6345d4f,f561d2e6345dfc,g561d2e6345e52,c561d2e6346009,e561d2e63460c0,b561d2e6345c4b
b561d2e63462d3,d561d2e63463c3,f561d2e634646f,g561d2e63464be,c561d2e634666d,e561d2e6346710,b561d2e63462d3
b561d2e634690d,d561d2e6346a12,f561d2e6346abf,g561d2e6346b16,c561d2e6346cc6,e561d2e6346d69,b561d2e634690d
b561d2e6346f7c,d561d2e6347080,f561d2e6347124,g561d2e634717a,c561d2e6347321,e561d2e63473c5,b561d2e6346f7c
b561d2e63475c6,d561d2e63476cb,f561d2e634776f,g561d2e63477c4,c561d2e6347976,e561d2e6347a23,b561d2e63475c6
b561d2e6347c21,d561d2e6347d1a,f561d2e6347df9,g561d2e6347e49,c561d2e6347ff8,e561d2e634809b,b561d2e6347c21
b561d2e6348299,d561d2e6348398,f561d2e6348445,g561d2e634849c,c561d2e634864d,e561d2e63486f0,b561d2e6348299
b561d2e634891e,d561d2e6348a1f,f561d2e6348acc,g561d2e6348b24,c561d2e6348cda,e561d2e6348d97,b561d2e634891e
b561d2e6348f99,d561d2e6349093,f561d2e6349140,g561d2e63491aa,c561d2e6349359,e561d2e6349404,b561d2e6348f99
b561d2e63495fe,d561d2e6349701,f561d2e63497b4,g561d2e634980a,c561d2e63499b1,e561d2e6349a54,b561d2e63495fe
b561d2e6349c62,d561d2e6349d5b,f561d2e6349dff,g561d2e6349e55,c561d2e6349ffb,e561d2e634a09e,b561d2e6349c62
b561d2e634a2a2,d561d2e634a39b,f561d2e634a43f,g561d2e634a495,c561d2e634a6a4,e561d2e634a746,b561d2e634a2a2
b561d2e634a94d,d561d2e634aa3e,f561d2e634aaea,g561d2e634ab37,c561d2e634acec,e561d2e634ad91,b561d2e634a94d
b561d2e634af8e,d561d2e634b0aa,f561d2e634b15d,g561d2e634b1b4,c561d2e634b35b,e561d2e634b3fe,b561d2e634af8e
b561d2e634b605,d561d2e634b70a,f561d2e634b7ae,g561d2e634b811,c561d2e634b9bf,e561d2e634ba6c,b561d2e634b605
b561d2e634bc32,d561d2e634bd2c,f561d2e634bdd9,g561d2e634be32,c561d2e634bfdb,e561d2e634c07f,b561d2e634bc32
b561d2e634c27c,d561d2e634c380,f561d2e634c42e,g561d2e634c489,c561d2e634c63a,e561d2e634c6dd,b561d2e634c27c
b561d2e634c8db,d561d2e634c9da,f561d2e634ca87,g561d2e634cad6,c561d2e634cc7a,e561d2e634cd2a,b561d2e634c8db
b561d2e634cf4f,d561d2e634d053,f561d2e634d0ff,g561d2e634d156,c561d2e634d307,e561d2e634d3b1,b561d2e634cf4f
b561d2e634d5ad,d561d2e634d6b2,f561d2e634d758,g561d2e634d7b0,c561d2e634d976,e561d2e634da1a,b561d2e634d5ad
b561d2e634dc22,d561d2e634dd1b,f561d2e634ddce,g561d2e634de24,c561d2e634dfd6,e561d2e634e083,b561d2e634dc22
b561d2e634e28c,d561d2e634e38e,f561d2e634e43c,g561d2e634e493,c561d2e634e658,e561d2e634e705,b561d2e634e28c
b561d2e634e90d,d561d2e634ea07,f561d2e634eaab,g561d2e634eb01,c561d2e634ecbb,e561d2e634ed69,b561d2e634e90d
b561d2e634ef69,d561d2e634f06b,f561d2e634f118,g561d2e634f175,c561d2e634f32e,e561d2e634f3df,b561d2e634ef69
b561d2e634f5e9,d561d2e634f6df,f561d2e634f790,g561d2e634f7e8,c561d2e634f98e,e561d2e634fa31,b561d2e634f5e9
b561d2e634fc34,d561d2e634fd2f,f561d2e634fdda,g561d2e634fe32,c561d2e634ffda,e561d2e6350087,b561d2e634fc34
b561d2e635028e,d561d2e6350388,f561d2e6350434,g561d2e635048c,c561d2e6350647,e561d2e63506eb,b561d2e635028e
b561d2e63508d8,d561d2e63509be,f561d2e6350a3c,g561d2e6350a8b,c561d2e6350c3f,e561d2e6350cec,b561d2e63508d8
b561d2e6350ef9,d561d2e6350ff4,f561d2e63510a1,g561d2e63510f8,c561d2e63512a8,e561d2e6351356,b561d2e6350ef9
b561d2e6351567,d561d2e635166c,f561d2e6351719,g561d2e6351767,c561d2e6351918,e561d2e63519c4,b561d2e6351567
b561d2e6351bcc,d561d2e6351cd1,f561d2e6351d74,g561d2e6351dca,c561d2e6351f7b,e561d2e6352028,b561d2e6351bcc
